Drug,Y
Br.CCOC(=O)C1=C[C@@H](OC(CC)CC)[C@H](NC(C)=O)[C@@H](NC(C)=N)C1,34.8
C=C(C(=O)OCC)C(O)c1ccccc1Cl,65.0
C=C(C)[C@@H]1CC[C@]2(C(=O)O)CC[C@]3(C)[C@H](CC[C@@H]4[C@@]5(C)CC[C@H](OC(=O)CC(C)(C)C(=O)O)C(C)(C)[C@@H]5CC[C@]43C)[C@@H]12,99.0
C=C(C)[C@@H]1CC[C@]2(NCCC3(O)COC3)CC[C@]3(C)[C@H](CC[C@@H]4[C@@]5(C)CC=C(C6=CC[C@](CF)(C(=O)O)CC6)C(C)(C)[C@@H]5CC[C@]43C)[C@@H]12,88.0
C=C(C)[C@@H]1CC[C@]2(NCCN3CCS(=O)(=O)CC3)CC[C@]3(C)[C@H](CC[C@@H]4[C@@]5(C)CC=C(C6=CC[C@@](CF)(C(=O)O)CC6)C(C)(C)[C@@H]5CC[C@]43C)[C@@H]12,86.0
C=C(C)[C@@H]1CC[C@]2(NCC[C@]3(O)CC[C@@H](S(C)(=O)=O)CC3)CC[C@]3(C)[C@H](CC[C@@H]4[C@@]5(C)CC=C(C6=CC[C@](CF)(C(=O)O)CC6)C(C)(C)[C@@H]5CC[C@]43C)[C@@H]12,89.0
C=C(C)[C@@H]1CC[C@]2(NCC[C@]3(O)CC[C@](C)(O)CC3)CC[C@]3(C)[C@H](CC[C@@H]4[C@@]5(C)CC=C(C6=CC[C@](CF)(C(=O)O)CC6)C(C)(C)[C@@H]5CC[C@]43C)[C@@H]12,89.0
CC(=O)CC(c1ccccc1)c1c(O)c2ccccc2oc1=O,98.25
CC(=O)NC1C2CC3CC1CC(C2)C31OO[C@]2(CC[C@@H](c3ccc(OCC(=O)O)cc3)CC2)O1,98.2
CC(C(=O)O)c1ccc(-c2ccccc2)c(F)c1,99.5
CC(C)(C)NC(=O)c1nc(-c2ccccc2)cnc1N,98.5
CC(C)(C)c1ccc(NC(=O)N2CCN(c3c(Nc4cccc5ncccc45)c(=O)c3=O)CC2)cc1,98.0
CC(C)(C)c1nc2c(s1)CCc1nc(NC(=O)N3CCC[C@@]3(C)C(N)=O)sc1-2,91.9
CC(C)(C)c1nc2c(s1)CCc1nc(NC(=O)N3CCC[C@H]3C(N)=O)sc1-2,91.9
CC(C)(C)c1ncc2c(n1)-c1sc(NC(=O)N3CCC[C@@]3(C)C(N)=O)nc1CC2,90.3
CC(C)(C)c1ncc2c(n1)-c1sc(NC(=O)N3CC[C@@H]4C[C@@]43C(N)=O)nc1CC2,87.8
CC(C)(NC(=O)Nc1ccc(F)c(C(F)(F)F)c1)C(=O)O,94.3
CC(C)(O)C1CC2(CC(NC(=O)c3cnc4nc(C5CC5)ccc4c3)C2)C1,86.0
CC(C)(O)[C@H]1CC2(C[C@H](NC(=O)c3cnc4nc(C5CC5)ccc4c3)C2)C1,86.0
CC(C)(O)[C@H]1CC[C@H](NC(=O)c2cnc3cc(C4CC4)ncc3c2)CC1,84.0
CC(C)(O)[C@H]1CC[C@H](NC(=O)c2cnc3cc(N4CC(F)C4)ncc3c2)CC1,73.0
CC(C)(O)[C@H]1CC[C@H](NC(=O)c2cnc3cc(N4CCC4)ncc3c2)CC1,79.0
CC(C)(O)[C@H]1CC[C@H](NC(=O)c2cnc3cc(OC(F)F)ccc3c2)CC1,88.0
CC(C)(O)[C@H]1CC[C@H](NC(=O)c2cnc3nc(C4CC4)ccc3c2)CC1,80.0
CC(C)(O)[C@H]1CC[C@H](NC(=O)c2cnc3nc(C4CC4)ncc3c2)CC1,64.0
CC(C)(O)[C@H]1CC[C@H](NC(=O)c2cnc3nc(N4CCC4)ccc3c2)CC1,80.0
CC(C)(O)[C@H]1CC[C@H](NC(=O)c2cnc3nc(N4CCC4)ncc3c2)CC1,54.0
CC(C)(O)[C@H]1C[C@H](NC(=O)c2cnc3cc(C4CC4)ncc3c2)C1,76.0
CC(C)(O)[C@H]1C[C@H](NC(=O)c2cnc3nc(C4CC4)c(Cl)cc3c2)C1,88.0
CC(C)(O)[C@H]1C[C@H](NC(=O)c2cnc3nc(C4CC4)ccc3c2)C1,74.0
CC(C)(O)[C@]12C[C@@](NC(=O)c3cnc4nc(C5CC5)ccc4c3)(C1)C2,69.0
CC(C)(O)c1cn(-c2ccc(-c3cc(F)c(CO)c(S(C)(=O)=O)c3)cc2)c(C(C)(C)c2cccc(F)c2Cl)n1,94.4
CC(C)(O)c1cn(-c2ccc(-c3cc(F)c(CO)c(S(C)(=O)=O)c3)cc2)c(C(C)(C)c2ccccc2Cl)n1,95.5
CC(C)(O)c1cn(-c2ccc(-c3cc(F)c(CO)c(S(C)(=O)=O)c3)cc2F)c(C(C)(C)c2c(Cl)cccc2Cl)n1,96.6
CC(C)(O)c1cn(-c2ccc(-c3ccc(CO)c(S(C)(=O)=O)c3)cc2)c(C(C)(C)c2ccccc2Cl)n1,96.1
CC(C)(O)c1cn(-c2ccc(-c3cccc(S(C)(=O)=O)c3)cc2)c(C(C)(C)c2c(Cl)cccc2Cl)n1,97.9
CC(C)(O)c1cn(-c2ccc(-c3cccc(S(C)(=O)=O)c3)cc2)c(C(C)(C)c2ccccc2Cl)n1,97.0
CC(C)(Oc1ccc([C@H]2CC[C@]3(CC2)OOC2(O3)C3CC4CC(C3)CC2C4)cc1)C(=O)O,99.5
CC(C)C[C@@H]1C(=O)N[C@H](C2Cc3ccccc3C2)C(=O)N1[C@@H](C(=O)N(C)C)c1ccc(F)cc1F,94.0
CC(C)C[C@@H]1C(=O)N[C@H](C2Cc3ccccc3C2)C(=O)N1[C@@H](C(=O)N(C)C)c1ccc(N(C)C)nc1,74.0
CC(C)C[C@@H]1C(=O)N[C@H](C2Cc3ccccc3C2)C(=O)N1[C@@H](C(=O)N(C)C)c1ccc(O)nc1,61.0
CC(C)C[C@@H]1C(=O)N[C@H](C2Cc3ccccc3C2)C(=O)N1[C@@H](C(=O)N1CCOCC1)c1ccc(N(C)C)nc1,70.0
CC(C)Cc1cc2oc(=O)n(CCC(=O)O)c2cc1Cl.NC(CO)(CO)CO,99.2
CC(C)Cc1ccc([C@@H](C)C(=O)NCCCN(C)C)cc1,75.1
CC(C)Cc1ccc([C@@H](C)C(=O)NCCCN2CCCCC2)cc1,85.1
CC(C)Cc1ccc([C@@H](C)C(=O)NCCOCCO)cc1,83.1
CC(C)Cc1ccc([C@@H](C)C(=O)NS(C)(=O)=O)cc1,99.9
CC(C)Cc1ccc([C@@H](C)C(=O)N[C@H](C)C(=O)O)cc1,96.0
CC(C)N(C)C(=O)n1cnc(S(=O)(=O)C2CC3CCC2C3)n1,58.0
CC(C)NCC(O)COc1cccc2ccccc12,62.5
CC(C)NCC(O)c1ccc(NS(C)(=O)=O)cc1,17.5
CC(C)[C@H](NC(=O)c1cc2ccccc2[nH]1)C(=O)Nc1nccs1,10.0
CC(C)[C@H](NC(=O)c1cc2ccccc2oc1=O)C(=O)Nc1nccs1,10.0
CC(C)[C@H](NC(=O)c1cccs1)C(=O)Nc1nccs1,10.0
CC(Cc1ccc([C@@H](C)C(=O)NS(C)(=O)=O)cc1)C(=O)O,70.2
CC(N[C@H]1CC[C@H](NC(=O)c2cnc3nc(C4CC4)ccc3c2)CC1)C(F)F,82.0
CC(O)(COc1cc(C(F)(F)F)cc(C(F)(F)F)c1)C(=O)Nc1ccc(C#N)c(C(F)(F)F)c1,94.7
CC(O)(CS(=O)(=O)c1ccccc1OC(F)(F)F)C(=O)Nc1cc(C(F)(F)F)cc(C(F)(F)F)c1,78.3
CC(Oc1cc2oc(=O)n(CCC(=O)O)c2cc1Cl)c1ccccn1.NC(CO)(CO)CO,87.1
CC1(C)C(=O)N(c2ccc(F)c(C(F)(F)F)c2)C(=O)N1CC#N,48.2
CC1(C)C(=O)N(c2ccc(F)c(C(F)(F)F)c2)C(=O)N1CC(N)=O,20.3
CC1(C)C(=O)N(c2ccc(F)c(C(F)(F)F)c2)C(=O)N1CCc1ccccc1,96.2
CC1(C)C(=O)N(c2ccc(F)c(C(F)(F)F)c2)C(=O)N1S(=O)(=O)c1ccccc1,96.1
CC1(C)C(=O)N(c2ccc(F)c(C(F)(F)F)c2)C(=O)N1S(C)(=O)=O,66.0
CC1(C)C(=O)N(c2ccc([N+](=O)[O-])cc2C(F)(F)F)C(=S)N1c1cc(C(F)(F)F)cc(C(F)(F)F)c1,99.9
CC1(C)C(=O)NC(=O)N1c1ccc(F)c(C(F)(F)F)c1,67.1
CC1(C)CC(=O)N(c2ccc(F)c(C(F)(F)F)c2)C(=O)N1,15.0
CC1(C)CC(=O)N(c2ccc(F)c(C(F)(F)F)c2)C1=O,42.5
CC1(C)CN(c2ccc(F)c(C(F)(F)F)c2)C(=O)N1,78.3
CC1(C)CNC(=O)N(c2ccc(F)c(C(F)(F)F)c2)C1=O,21.5
CC1(C)NC(=O)C(c2ccc(F)c(C(F)(F)F)c2)C1=O,93.3
CC1(C)NC(=O)N(Cc2ccc(F)c(C(F)(F)F)c2)C1=O,82.1
CC1(C)NC(=O)N(c2ccc(C(F)(F)F)nc2)C1=O,18.3
CC1(C)NC(=O)N(c2ccc(Cl)c(C(F)(F)F)c2)C1=O,79.6
CC1(C)NC(=O)N(c2ccc(F)c(C#N)c2)C1=O,14.6
CC1(C)NC(=O)N(c2ccc(F)c(C(F)(F)F)c2)C1=O,52.1
CC1(C)NC(=O)N(c2ccc(F)c(C(F)F)c2)C1=O,20.4
CC1(C)NC(=O)N(c2ccc([N+](=O)[O-])c(C(F)(F)F)c2)C1=O,70.3
CC1(C)NC(=O)N(c2cccc(C(F)(F)F)c2)C1=O,49.3
CC1(C)NC(=O)N(c2cccnc2)C1=O,6.6
CC1(C)NC(=O)N(c2ccnc(C(F)(F)F)c2)C1=O,22.7
CC1(C)NC(=O)N(c2ccnc3ccccc23)C1=O,16.9
CC1(C)NC(=O)N(c2ccncc2)C1=O,6.7
CC1(C)NC(=O)N(c2cnccn2)C1=O,5.8
CC1(C)OC(=O)N(c2ccc(F)c(C(F)(F)F)c2)C1=O,58.1
CC1(CO)NC(=O)N(c2ccc(F)c(C(F)(F)F)c2)C1=O,34.3
CC1=C(C(=O)O)C(=O)/C(=C\c2cc(C)n(-c3ccccc3C(F)(F)F)c2C)N1,93.7
CC1=C(C(=O)OC(C)(C)C)C(=O)/C(=C\c2cc(C)n(-c3ccccc3C(F)(F)F)c2C)N1,93.7
CC1=C(C(=O)OCc2ccccc2)C(=O)/C(=C\c2cc(C)n(-c3ccccc3C(F)(F)F)c2C)N1,93.7
CC1=C(C(N)=O)C(=O)/C(=C\c2cc(C)n(-c3ccccc3C(F)(F)F)c2C)N1,93.7
CC1=C(CC(=O)O)c2cc(F)ccc2/C1=C\c1ccc([S+](C)[O-])cc1,93.0
CC1NC(=O)N(c2ccc(F)c(C(F)F)c2)C1=O,38.6
CCC(C#N)(CC)Nc1nc(NC)nc(-n2cncn2)n1,51.0
CCC(C)N(C)C(=O)c1cc2ccccc2c(-c2ccccc2Cl)n1,92.28
CCC(C)NC(=O)c1nc(-c2ccc(Cl)cc2)cnc1N,97.0
CCC(C)NC(=O)c1nc(-c2ccc(F)cc2)cnc1N,94.2
CCC(C)NC(=O)c1nc(-c2cccc(Cl)c2)cnc1N,97.2
CCC(C)NC(=O)c1nc(-c2ccccc2C#N)cnc1N,95.0
CCC(CC)NC(=O)c1nc(-c2ccc(F)c(C)c2)cnc1N,97.8
CCC(CC)NC(=O)c1nc(-c2ccc(F)cc2)cnc1N,96.4
CCC(CC)NC(=O)c1nc(-c2ccc(F)cc2C#N)cnc1N,97.1
CCC(CC)NC(=O)c1nc(-c2cccc(C)c2)cnc1N,96.4
CCC(CC)NC(=O)c1nc(-c2ccccc2)cnc1N,95.0
CCC(CC)O[C@@H]1C=C(C(=O)O)C[C@H](NC(=N)N)[C@H]1NC(C)=O,0.4
CCC(CC)O[C@@H]1C=C(C(=O)O)C[C@H](NC(C)=N)[C@H]1NC(C)=O,2.2
CCC(CC)c1nc(-c2sc(NC(=O)N3CCC[C@H]3C(N)=O)nc2C)cs1,92.2
CCCC1O[C@@H]2C[C@H]3[C@@H]4CCC5=CC(=O)C=C[C@]5(C)[C@H]4[C@@H](O)C[C@]3(C)[C@]2(C(=O)CO)O1,88.0
CCCCC1(C)C(=O)N(c2ccccc2)N(c2ccccc2)C1=O,74.55
CCCCC1C(=O)N(c2ccccc2)N(c2ccccc2)C1=O,98.1
CCCCCCCCCCCCCCCC(=O)NC(CCC(=O)NCCCC[C@H](NC(=O)[C@H](C)NC(=O)[C@H](C)NC(=O)[C@H](CCC(N)=O)NC(=O)CNC(=O)[C@H](CCC(=O)O)NC(=O)[C@H](CC(C)C)NC(=O)[C@H](Cc1ccc(O)cc1)NC(=O)[C@H](CO)NC(=O)[C@H](CO)NC(=O)[C@@H](NC(=O)[C@H](CC(=O)O)NC(=O)[C@H](CO)NC(=O)[C@@H](NC(=O)[C@H](Cc1ccccc1)NC(=O)[C@@H](NC(=O)CNC(=O)[C@H](CCC(=O)O)NC(=O)[C@H](C)NC(=O)[C@@H](N)Cc1c[nH]cn1)[C@@H](C)O)[C@@H](C)O)C(C)C)C(=O)N[C@@H](CCC(=O)O)C(=O)N[C@@H](Cc1ccccc1)C(=O)N[C@H](C(=O)N[C@@H](C)C(=O)N[C@@H](Cc1c[nH]c2ccccc12)C(=O)N[C@@H](CC(C)C)C(=O)N[C@H](C(=O)N[C@@H](CCCN=C(N)N)C(=O)NCC(=O)N[C@@H](CCCN=C(N)N)C(=O)NCC(=O)O)C(C)C)[C@@H](C)CC)C(=O)O,90.6
CCCCCCCCCCCCCCCC(=O)NCCCCCCNC(=O)C1CCCCNC(=O)CCN2C(=O)CC(SC[C@H](NC(=O)[C@H](CCCCN)NC(=O)[C@H](C)NC(=O)[C@H](C)NC(=O)[C@H](CCC(=O)O)NC(=O)[C@H](CCC(=O)O)NC(=O)[C@H](CCC(=O)O)NC(=O)[C@H](CC(C)C)NC(=O)[C@H](Cc3ccc(O)cc3)NC(=O)[C@H](CCC(=O)O)NC(=O)[C@@H](NC(=O)[C@@H](NC(=O)[C@H](CC(=O)O)NC(=O)[C@H](CC(N)=O)NC(=O)[C@@H](NC(=O)[C@H](Cc3ccc(O)cc3)NC(=O)[C@@H](NC(=O)CNC(=O)[C@H](CCC(=O)O)NC(=O)C(C)(C)NC(=O)[C@@H](N)Cc3c[nH]cn3)[C@@H](C)O)[C@@H](C)O)C(C)C)[C@@H](C)O)C(=O)N[C@@H](Cc3ccccc3)C(=O)N[C@@H]([C@@H](C)CC)C(=O)N[C@@H](CCC(=O)O)C(=O)N[C@@H](Cc3c[nH]c4ccccc34)C(=O)N[C@@H](CC(C)C)C(=O)N[C@@H]([C@@H](C)CC)C(=O)N[C@H](C(=O)NCC(=O)N[C@@H](CCCCN)C(=O)N3CCC[C@H]3C(=O)N[C@@H](CO)C(=O)N[C@@H](CO)C(=O)NCC(=O)N[C@@H](C)C(=O)N3CCC[C@H]3C(=O)N3CCC[C@H]3C(=O)N3CCC[C@H]3C(=O)N[C@@H](CO)C(N)=O)CSC3CC(=O)N(CCC(=O)N1)C3=O)C2=O,85.0
CCCCCCCCCCCCCCCC(=O)NCCCCCCNC(=O)C1CCCCNC(=O)CCN2C(=O)CC(SC[C@H](NC(=O)[C@H](Cc3ccc(O)cc3)NC(=O)[C@H](CCC(=O)O)NC(=O)[C@@H](NC(=O)[C@@H](NC(=O)[C@H](CC(=O)O)NC(=O)[C@H](CC(N)=O)NC(=O)[C@@H](NC(=O)[C@H](Cc3ccc(O)cc3)NC(=O)[C@@H](NC(=O)CNC(=O)[C@H](CCC(=O)O)NC(=O)C(C)(C)NC(=O)[C@@H](N)Cc3c[nH]cn3)[C@@H](C)O)[C@@H](C)O)C(C)C)[C@@H](C)O)C(=O)N[C@@H](CCC(=O)O)C(=O)N[C@@H](CCC(=O)O)C(=O)N[C@@H](CCC(=O)O)C(=O)N[C@@H](C)C(=O)N[C@@H](C)C(=O)N[C@@H](CCCCN)C(=O)N[C@H](C(=O)N[C@@H](Cc3ccccc3)C(=O)N[C@H](C(=O)N[C@@H](CCC(=O)O)C(=O)N[C@@H](Cc3c[nH]c4ccccc34)C(=O)N[C@@H](CC(C)C)C(=O)N[C@H](C(=O)N[C@@H](CCCCN)C(=O)NCC(=O)N[C@@H](CCCCN)C(=O)N3CCC[C@H]3C(=O)N[C@@H](CO)C(=O)N[C@@H](CO)C(=O)NCC(=O)N[C@@H](C)C(=O)N3CCC[C@H]3C(=O)N3CCC[C@H]3C(=O)N3CCC[C@H]3C(=O)N[C@@H](CO)C(N)=O)[C@@H](C)CC)[C@@H](C)CC)CSC3CC(=O)N(CCC(=O)N1)C3=O)C2=O,83.8
CCCCCCCCCCCCCCCC(=O)N[C@@H](CCC(=O)NCCCC[C@H](NC(=O)[C@H](C)NC(=O)[C@H](C)NC(=O)[C@H](CCC(N)=O)NC(=O)CNC(=O)[C@H](CCC(=O)O)NC(=O)[C@H](CC(C)C)NC(=O)[C@H](Cc1ccc(O)cc1)NC(=O)[C@H](CO)NC(=O)[C@H](CO)NC(=O)[C@@H](NC(=O)[C@H](CC(=O)O)NC(=O)[C@H](CO)NC(=O)[C@@H](NC(=O)[C@H](Cc1ccccc1)NC(=O)[C@@H](NC(=O)CNC(=O)[C@H](CCC(=O)O)NC(=O)[C@H](C)NC(=O)[C@@H](N)Cc1cnc[nH]1)[C@@H](C)O)[C@@H](C)O)C(C)C)C(=O)N[C@@H](CCC(=O)O)C(=O)N[C@@H](Cc1ccccc1)C(=O)N[C@H](C(=O)N[C@@H](C)C(=O)N[C@@H](Cc1c[nH]c2ccccc12)C(=O)N[C@@H](CC(C)C)C(=O)N[C@H](C(=O)N[C@@H](CCCNC(=N)N)C(=O)NCC(=O)N[C@@H](CCCNC(=N)N)C(=O)NCC(=O)O)C(C)C)[C@@H](C)CC)C(=O)O,91.3
CCCCCCCCCCCCCCCC(=O)N[C@@H](CCC(O)NCCCC[C@H](NC(=O)[C@H](C)NC(=O)[C@H](C)NC(=O)[C@H](CCC(N)=O)NC(=O)CNC(=O)[C@H](CCC(=O)O)NC(=O)[C@H](CC(C)C)NC(=O)[C@H](Cc1ccc(O)cc1)NC(=O)[C@H](CO)NC(=O)[C@H](CO)NC(=O)[C@@H](NC(=O)[C@H](CC(=O)O)NC(=O)[C@H](CO)NC(=O)[C@@H](NC(=O)[C@H](Cc1ccccc1)NC(=O)[C@@H](NC(=O)CNC(=O)[C@H](CCC(=O)O)NC(=O)[C@H](C)NC(=O)[C@@H](N)Cc1c[nH]cn1)[C@@H](C)O)[C@@H](C)O)C(C)C)C(=O)N[C@@H](CCC(=O)O)C(=O)N[C@@H](Cc1ccccc1)C(=O)N[C@H](C(=O)N[C@@H](C)C(=O)N[C@@H](Cc1c[nH]c2ccccc12)C(=O)N[C@@H](CC(C)C)C(=O)N[C@H](C(=O)N[C@@H](CCCN=C(N)N)C(=O)NCC(=O)N[C@@H](CCCN=C(N)N)C(=O)NCC(=O)O)C(C)C)[C@@H](C)CC)C(=O)O,81.8
CCCCCCCCCCNCCN[C@@]1(C)C[C@H](O[C@H]2[C@H](Oc3c4cc5cc3Oc3ccc(cc3Cl)[C@@H](O)[C@@H](NC(=O)[C@@H](CC(C)C)NC)C(=O)N[C@@H](CC(N)=O)C(=O)N[C@H]5C(=O)N[C@H]3C(=O)N[C@H](C(=O)N[C@H](C(=O)O)c5cc(O)c(CNCP(=O)(O)O)c(O)c5-c5cc3ccc5O)[C@H](O)c3ccc(c(Cl)c3)O4)O[C@H](CO)[C@@H](O)[C@@H]2O)O[C@@H](C)[C@H]1O,93.0
CCCCCCCCN(CCC(=O)Nc1ccccc1)CCC(=O)NC1CCCCC1,99.5
CCCCCCCCN(CCC(=O)Nc1ccccc1)CCC(=O)Nc1ccc(F)cc1,98.7
CCCCCCCCN(CCC(=O)Nc1ccccc1)CCC(=O)Nc1ccccc1,95.4
CCCCNC(=O)CNc1ccc(C(=O)NC2CCC(=O)NC2=O)c(F)c1,30.0
CCCCNc1c(F)cc(C(=O)NC2CCC(=O)NC2=O)c(F)c1OC,88.0
CCCCNc1ccc(C(=O)NC2CCC(=O)NC2=O)c(F)c1,85.0
CCCCNc1ccc(C(=O)NC2CCC(=O)NC2=O)c(OC)c1,90.0
CCCCNc1ccc2c(=O)n(C3CCC(=O)NC3=O)nnc2c1,88.0
CCCCNc1ccc2c(c1)C(=O)N(C1CCC(=O)NC1=O)C2=O,89.0
CCCCNc1ccc2c(c1)CN(C1CCC(=O)NC1=O)C2=O,83.0
CCCCOc1ccc(C(=O)NC2CCC(=O)NC2=O)c(F)c1,89.0
CCCCOc1ccc(C2CCC(=O)NC2=O)cc1,89.0
CCCC[C@H](NC(=O)[C@H](Cc1ccc(CS(=O)(=O)O)cc1)NC(=O)[C@H](CC(=O)O)NC(=O)COCCOCCNC(=O)COCCOCCNC(=O)CC[C@H](NC(=O)CCCCCCCCCCCCCCCCC(=O)O)C(=O)O)C(=O)NCC(=O)N[C@@H](Cc1c[nH]c2ccccc12)C(=O)N[C@@H](CCCC)C(=O)N(C)[C@H](CC(=O)O)C(=O)N(C)[C@@H](Cc1ccccc1)C(N)=O,99.7
CCCCc1c(OC)n(-c2ccccc2)n(-c2ccccc2)c1=O,92.9
CCCCn1c(C(=O)c2cc(C)cc(C#N)c2)c(C(C)C)c(=O)[nH]c1=O,99.9
CCCNC(=O)NS(=O)(=O)c1ccc(Cl)cc1,96.0
CCCNC(=O)c1[nH]c(C)c(Cc2ccc(C(F)(F)F)nc2)c1C,84.5
CCCn1c(C(=O)c2cc(C)cc(C#N)c2)c(C(C)C)c(=O)[nH]c1=O,99.1
CCN(CC)C(=O)c1cc(-c2ccccc2I)c2ccccc2n1,94.09
CCN(CC)CCC[C@H](C)Nc1ccnc2cc(Cl)ccc12,50.5
CCN(CC)CCOC(=O)c1ccc(N)cc1,21.0
CCN(CC)Cc1cc(Nc2ccnc3cc(Cl)ccc23)ccc1O,78.8
CCN1C(=O)N(c2ccc(F)c(C(F)(F)F)c2)C(=O)C1(C)C,49.3
CCNC(=O)c1[nH]c(C)c(Cc2ccc(C(F)(F)F)nc2)c1C,77.1
CCOC(=O)C1=C(C)N/C(=C/c2cc(C)n(-c3cc(OC)c(OC)c(OO)c3)c2C)C1=O,93.7
CCOC(=O)C1=C(C)N/C(=C/c2cc(C)n(-c3ccc(Br)cc3)c2C)C1=O,93.7
CCOC(=O)C1=C(C)N/C(=C/c2cc(C)n(-c3ccc(C(F)(F)F)cc3)c2C)C1=O,93.7
CCOC(=O)C1=C(C)N/C(=C/c2cc(C)n(-c3ccc(CN(C)C)cc3)c2C)C1=O,93.7
CCOC(=O)C1=C(C)N/C(=C/c2cc(C)n(-c3ccc(CN4CCCCC4)cc3)c2C)C1=O,93.7
CCOC(=O)C1=C(C)N/C(=C/c2cc(C)n(-c3ccc(CN4CCOCC4)cc3)c2C)C1=O,93.7
CCOC(=O)C1=C(C)N/C(=C/c2cc(C)n(-c3ccc(Cl)cc3)c2C)C1=O,93.7
CCOC(=O)C1=C(C)N/C(=C/c2cc(C)n(-c3ccc(F)cc3F)c2C)C1=O,93.7
CCOC(=O)C1=C(C)N/C(=C/c2cc(C)n(-c3ccc(N(C)C)cc3)c2C)C1=O,93.7
CCOC(=O)C1=C(C)N/C(=C/c2cc(C)n(-c3ccc(N4CCOCC4)cc3)c2C)C1=O,93.7
CCOC(=O)C1=C(C)N/C(=C/c2cc(C)n(-c3ccc(OC)cc3)c2C)C1=O,93.7
CCOC(=O)C1=C(C)N/C(=C/c2cc(C)n(-c3ccc(S(=O)(=O)C(F)(F)F)cc3)c2C)C1=O,93.7
CCOC(=O)C1=C(C)N/C(=C/c2cc(C)n(-c3ccc(SC(F)(F)F)cc3)c2C)C1=O,93.7
CCOC(=O)C1=C(C)N/C(=C/c2cc(C)n(-c3ccc(SC)cc3)c2C)C1=O,93.7
CCOC(=O)C1=C(C)N/C(=C/c2cc(C)n(-c3ccc([S+](C)[O-])cc3)c2C)C1=O,93.7
CCOC(=O)C1=C(C)N/C(=C/c2cc(C)n(-c3cccc(C(F)(F)F)c3)c2C)C1=O,93.7
CCOC(=O)C1=C(C)N/C(=C/c2cc(C)n(-c3cccc(O)c3)c2C)C1=O,93.7
CCOC(=O)C1=C(C)N/C(=C/c2cc(C)n(-c3cccc(OC)c3)c2C)C1=O,93.7
CCOC(=O)C1=C(C)N/C(=C/c2cc(C)n(-c3ccccc3C(F)(F)F)c2C)C1=O,93.7
CCOC(=O)C1=C(C)N/C(=C/c2cc(C)n(-c3cccnc3)c2C)C1=O,79.0
CCOC(=O)C1=C(C)N/C(=C/c2cc(C)n(-c3ccncc3)c2C)C1=O,80.0
CCOC(=O)C1=C(C)N/C(=C/c2cc(C)n(Cc3ccc(C(F)(F)F)cc3)c2C)C1=O,93.7
CCOC(=O)C1=C(C)N/C(=C/c2cc(CC)n(-c3ccccc3C(F)(F)F)c2CC)C1=O,93.7
CCOC(=O)C1=C(C)N/C(=C/c2ccn(-c3ccc(C(F)(F)F)cc3)c2)C1=O,93.7
CCOC(=O)C1=C(C)N/C(=C/c2ccn(-c3ccccc3C(F)(F)F)c2)C1=O,93.7
CCOC(=O)C1=C(O)/C(=C\c2cc(C)n(-c3ccc(F)cc3)c2C)N=C1C,93.7
CCOC(=O)C1=C[C@@H](OC(CC)CC)[C@H](NC(C)=O)[C@@H](N/C(C)=N/O)C1,26.7
CCOC(=O)C1=C[C@@H](OC(CC)CC)[C@H](NC(C)=O)[C@@H](N/C(N)=N\O)C1,37.5
CCOC(=O)C1=C[C@@H](OC(CC)CC)[C@H](NC(C)=O)[C@@H](NC(=N)N)C1,30.1
CCOC(=O)COc1ccc([C@H]2CC[C@]3(CC2)OOC2(O3)C3CC4CC(C3)CC2C4)cc1,98.9
CCOC(=O)Cc1ccccc1Nc1c(Cl)cccc1Cl,98.1
CCOC(=O)c1[nH]c(C)c(Cc2ccc(C(F)(F)F)nc2)c1C,93.6
CCOC(=O)c1cc(-c2ccc(F)cc2F)ccc1O,97.5
CCOC(=O)c1csc(Nc2ccc(Cl)cc2)n1,90.0
CCOc1cc2oc(=O)n(CCC(=O)O)c2cc1Cl.NC(CO)(CO)CO,88.7
CC[C@@](N)(c1cnc(C(F)(F)F)c(Cl)c1)c1c2ccn(C3CC3)c(=O)c2nn1C,71.1
CC[C@@](N)(c1cnc(C(F)(F)F)c(Cl)c1)c1c2ncn(C3CC3)c(=O)c2nn1C,76.1
CC[C@@](O)(c1cnc(C(F)(F)F)c(Cl)c1)c1c2ccn(C3CC3)c(=O)c2nn1C,33.0
CC[C@@](O)(c1cnc(C(F)(F)F)c(Cl)c1)c1c2cnn(C3CC3)c(=O)c2nn1C,37.0
CC[C@@]1(O)C(=O)OCc2c1cc1n(c2=O)Cc2c-1nc1cc3c(cc1c2-c1cc[n+](Cc2ccc(O[C@@H]4O[C@@H](C(=O)O)[C@@H](O)[C@H](O)[C@H]4O)c(NC(=O)CCCn4cc(CNC(=O)CCCCCN5C(=O)C=CC5=O)nn4)c2)cc1)OCO3.O=C([O-])C(F)(F)F,95.85499999999999
CC[C@H](C)[C@@H]1C(=O)N[C@H](C2Cc3ccccc3C2)C(=O)N1[C@@H](C(=O)N1CCOCC1)c1ccc(C)nc1C,70.0
CC[C@H](C)[C@@H]1NC(=O)[C@H](CC(C)C)NC(=O)[C@H](Cc2c[nH]c3ccccc23)NC(=O)[C@H](CCC(=O)O)NC(=O)[C@H]([C@@H](C)CC)NC(=O)[C@H](Cc2ccccc2)NC(=O)[C@@H](NC(=O)[C@H](CCCCN)NC(=O)[C@H](C)NC(=O)[C@H](C)NC(=O)[C@H](CCC(=O)O)NC(=O)[C@H](CCC(=O)O)NC(=O)[C@H](CCC(=O)O)NC(=O)[C@H](CC(C)C)NC(=O)[C@H](Cc2ccc(O)cc2)NC(=O)[C@H](CCC(=O)O)NC(=O)[C@@H](NC(=O)[C@@H](NC(=O)[C@H](CC(=O)O)NC(=O)[C@H](CC(N)=O)NC(=O)[C@@H](NC(=O)[C@H](Cc2ccc(O)cc2)NC(=O)[C@@H](NC(=O)CNC(=O)[C@H](CCC(=O)O)NC(=O)C(C)(C)NC(=O)[C@@H](N)Cc2c[nH]cn2)[C@@H](C)O)[C@@H](C)O)C(C)C)[C@@H](C)O)CSC2CC(=O)N(CCC(=O)NC(C(=O)NCCCCCCNC(=O)COCCOCCNC(=O)CCC(NC(=O)CCCCCCCCCCCCCCCCC(=O)O)C(=O)O)CCCCNC(=O)CCN3C(=O)CC(SC[C@@H](C(=O)NCC(=O)N[C@@H](CCCCN)C(N)=O)NC1=O)C3=O)C2=O,91.6
CC[C@H](C)[C@@H]1NC(=O)[C@H](CC(C)C)NC(=O)[C@H](Cc2c[nH]c3ccccc23)NC(=O)[C@H](CCC(=O)O)NC(=O)[C@H]([C@@H](C)CC)NC(=O)[C@H](Cc2ccccc2)NC(=O)[C@@H](NC(=O)[C@H](CCCCN)NC(=O)[C@H](C)NC(=O)[C@H](C)NC(=O)[C@H](CCC(=O)O)NC(=O)[C@H](CCC(=O)O)NC(=O)[C@H](CCC(=O)O)NC(=O)[C@H](CC(C)C)NC(=O)[C@H](Cc2ccc(O)cc2)NC(=O)[C@H](CCC(=O)O)NC(=O)[C@@H](NC(=O)[C@@H](NC(=O)[C@H](CC(=O)O)NC(=O)[C@H](CC(N)=O)NC(=O)[C@@H](NC(=O)[C@H](Cc2ccc(O)cc2)NC(=O)[C@@H](NC(=O)CNC(=O)[C@H](CCC(=O)O)NC(=O)C(C)(C)NC(=O)[C@@H](N)Cc2c[nH]cn2)[C@@H](C)O)[C@@H](C)O)C(C)C)[C@@H](C)O)CSC2CC(=O)N(CCC(=O)NC(C(=O)NCCCCCCNC(=O)COCCOCCNC(=O)COCCOCCNC(=O)CCC(NC(=O)CCCCCCCCCCCCCCCCC(=O)O)C(=O)O)CCCCNC(=O)CCN3C(=O)CC(SC[C@@H](C(=O)NCC(=O)N[C@@H](CCCCN)C(=O)N4CCC[C@H]4C(=O)N[C@@H](CO)C(=O)N[C@@H](CO)C(=O)NCC(=O)N[C@@H](C)C(=O)N4CCC[C@H]4C(=O)N4CCC[C@H]4C(=O)N[C@@H](CO)C(=O)N[C@@H](CCCCN)C(=O)N[C@@H](CCCCN)C(=O)N[C@@H](CCCCN)C(=O)N[C@@H](CCCCN)C(=O)N[C@@H](CCCCN)C(=O)N[C@@H](CCCCN)C(N)=O)NC1=O)C3=O)C2=O,96.7
CC[C@H](C)[C@H](NC(=O)[C@H](CC(C)C)NC(=O)[C@H](Cc1c[nH]c2ccccc12)NC(=O)[C@H](CCC(=O)O)NC(=O)[C@@H](NC(=O)[C@H](Cc1ccccc1)NC(=O)[C@@H]1CSC2CC(=O)N(CCC(=O)NC(C(=O)NCCCCCCNC(=O)COCCOCCNC(=O)CCC(NC(=O)CCCCCCCCCCCCCCCCC(=O)O)C(=O)O)CCCCNC(=O)CCN3C(=O)CC(SC[C@H](NC(=O)[C@H](Cc4ccc(O)cc4)NC(=O)[C@H](CCC(=O)O)NC(=O)[C@@H](NC(=O)[C@@H](NC(=O)[C@H](CC(=O)O)NC(=O)[C@H](CC(N)=O)NC(=O)[C@@H](NC(=O)[C@H](Cc4ccc(O)cc4)NC(=O)[C@@H](NC(=O)CNC(=O)[C@H](CCC(=O)O)NC(=O)C(C)(C)NC(=O)[C@@H](N)Cc4c[nH]cn4)[C@@H](C)O)[C@@H](C)O)C(C)C)[C@@H](C)O)C(=O)N[C@@H](CCC(=O)O)C(=O)N[C@@H](CCC(=O)O)C(=O)N[C@@H](CCC(=O)O)C(=O)N[C@@H](C)C(=O)N[C@@H](C)C(=O)N[C@@H](CCCCN)C(=O)N1)C3=O)C2=O)[C@@H](C)CC)C(=O)N[C@@H](CCCCN)C(=O)NCC(=O)N[C@@H](CCCCN)C(N)=O,92.6
CC[C@H](C)[C@H](NC(=O)[C@H](CC(C)C)NC(=O)[C@H](Cc1c[nH]c2ccccc12)NC(=O)[C@H](CCC(=O)O)NC(=O)[C@@H](NC(=O)[C@H](Cc1ccccc1)NC(=O)[C@@H]1CSC2CC(=O)N(CCC(=O)NC(C(=O)NCCCCCCNC(=O)COCCOCCNC(=O)COCCOCCNC(=O)CCC(NC(=O)CCCCCCCCCCCCCCCCC(=O)O)C(=O)O)CCCCNC(=O)CCN3C(=O)CC(SC[C@H](NC(=O)[C@H](Cc4ccc(O)cc4)NC(=O)[C@H](CCC(=O)O)NC(=O)[C@@H](NC(=O)[C@@H](NC(=O)[C@H](CC(=O)O)NC(=O)[C@H](CC(N)=O)NC(=O)[C@@H](NC(=O)[C@H](Cc4ccc(O)cc4)NC(=O)[C@@H](NC(=O)CNC(=O)[C@H](CCC(=O)O)NC(=O)C(C)(C)NC(=O)[C@@H](N)Cc4c[nH]cn4)[C@@H](C)O)[C@@H](C)O)C(C)C)[C@@H](C)O)C(=O)N[C@@H](CCC(=O)O)C(=O)N[C@@H](CCC(=O)O)C(=O)N[C@@H](CCC(=O)O)C(=O)N[C@@H](C)C(=O)N[C@@H](C)C(=O)N[C@@H](CCCCN)C(=O)N1)C3=O)C2=O)[C@@H](C)CC)C(=O)N[C@@H](CCCCN)C(=O)NCC(=O)N[C@@H](CCCCN)C(=O)N1CCC[C@H]1C(=O)N[C@@H](CO)C(=O)N[C@@H](CO)C(=O)NCC(=O)N[C@@H](C)C(=O)N1CCC[C@H]1C(=O)N1CCC[C@H]1C(=O)N1CCC[C@H]1C(=O)N[C@@H](CO)C(N)=O,95.3
CC[C@H](C)[C@H](NC(=O)[C@H](CC(C)C)NC(=O)[C@H](Cc1c[nH]c2ccccc12)NC(=O)[C@H](CCC(=O)O)NC(=O)[C@@H](NC(=O)[C@H](Cc1ccccc1)NC(=O)[C@H](CCC(=O)O)NC(=O)[C@H](CCCCNC(=O)CC[C@H](NC(=O)CCCCCCCCCCCNC(=O)CC/C(C)=C/Cc1c(O)c2c(c(C)c1OC)COC2=O)C(=O)O)NC(=O)[C@H](C)NC(=O)[C@H](C)NC(=O)[C@H](CCC(=O)O)NC(=O)[C@H](CCC(=O)O)NC(=O)[C@H](CCC(=O)O)NC(=O)[C@H](CC(C)C)NC(=O)[C@H](Cc1ccc(O)cc1)NC(=O)[C@H](CCC(=O)O)NC(=O)[C@@H](NC(=O)[C@@H](NC(=O)[C@H](CC(=O)O)NC(=O)[C@H](CC(N)=O)NC(=O)[C@@H](NC(=O)[C@H](Cc1ccc(O)cc1)NC(=O)[C@@H](NC(=O)CNC(=O)[C@H](CCC(=O)O)NC(=O)CNC(=O)[C@@H](N)Cc1cnc[nH]1)[C@@H](C)O)[C@@H](C)O)C(C)C)[C@@H](C)O)[C@@H](C)CC)C(=O)N[C@@H](CCCCN)C(=O)NCC(=O)N[C@@H](CCCCN)C(=O)N1CCC[C@H]1C(=O)N[C@@H](CO)C(=O)N[C@@H](CO)C(=O)NCC(=O)N[C@@H](C)C(=O)N1CCC[C@H]1C(=O)N1CCC[C@H]1C(=O)N1CCC[C@H]1C(=O)N[C@@H](CO)C(=O)O,84.8
CC[C@H](C)[C@H](NC(=O)[C@H](CC(C)C)NC(=O)[C@H](Cc1c[nH]c2ccccc12)NC(=O)[C@H](CCC(=O)O)NC(=O)[C@@H](NC(=O)[C@H](Cc1ccccc1)NC(=O)[C@H](CCC(=O)O)NC(=O)[C@H](CCCCNC(=O)CC[C@H](NC(=O)CCCCCCCCCCCNC(=O)CC/C(C)=C/Cc1c(O)c2c(c(C)c1OC)COC2=O)C(=O)O)NC(=O)[C@H](C)NC(=O)[C@H](C)NC(=O)[C@H](CCC(=O)O)NC(=O)[C@H](CCC(=O)O)NC(=O)[C@H](CCC(=O)O)NC(=O)[C@H](CC(C)C)NC(=O)[C@H](Cc1ccc(O)cc1)NC(=O)[C@H](CCC(=O)O)NC(=O)[C@@H](NC(=O)[C@@H](NC(=O)[C@H](CC(=O)O)NC(=O)[C@H](CC(N)=O)NC(=O)[C@@H](NC(=O)[C@H](Cc1ccc(O)cc1)NC(=O)[C@@H](NC(=O)CNC(=O)[C@H](CCC(=O)O)NC(=O)CNC(=O)[C@@H](N)Cc1cnc[nH]1)[C@@H](C)O)[C@@H](C)O)C(C)C)[C@@H](C)O)[C@@H](C)CC)C(=O)N[C@@H](CCCCN)C(=O)NCC(=O)N[C@@H](CCCCN)C(=O)N1CCC[C@H]1C(=O)N[C@@H](CO)C(=O)N[C@@H](CO)C(=O)NCC(=O)N[C@@H](C)C(=O)N1CCC[C@H]1C(=O)N1CCC[C@H]1C(=O)N[C@@H](CO)C(=O)N[C@@H](CCCCN)C(=O)N[C@@H](CCCCN)C(=O)N[C@@H](CCCCN)C(=O)N[C@@H](CCCCN)C(=O)N[C@@H](CCCCN)C(=O)N[C@@H](CCCCN)C(=O)O,85.4
CC[C@H](C)[C@H](NC(=O)[C@H](CC(C)C)NC(=O)[C@H](Cc1c[nH]c2ccccc12)NC(=O)[C@H](CCC(=O)O)NC(=O)[C@@H](NC(=O)[C@H](Cc1ccccc1)NC(=O)[C@H](CCC(=O)O)NC(=O)[C@H](CCCCNC(=O)CC[C@H](NC(=O)CCCCCNC(=O)CC/C(C)=C/Cc1c(O)c2c(c(C)c1OC)COC2=O)C(=O)O)NC(=O)[C@H](C)NC(=O)[C@H](C)NC(=O)[C@H](CCC(=O)O)NC(=O)[C@H](CCC(=O)O)NC(=O)[C@H](CCC(=O)O)NC(=O)[C@H](CC(C)C)NC(=O)[C@H](Cc1ccc(O)cc1)NC(=O)[C@H](CCC(=O)O)NC(=O)[C@@H](NC(=O)[C@@H](NC(=O)[C@H](CC(=O)O)NC(=O)[C@H](CC(N)=O)NC(=O)[C@@H](NC(=O)[C@H](Cc1ccc(O)cc1)NC(=O)[C@@H](NC(=O)CNC(=O)[C@H](CCC(=O)O)NC(=O)CNC(=O)[C@@H](N)Cc1cnc[nH]1)[C@@H](C)O)[C@@H](C)O)C(C)C)[C@@H](C)O)[C@@H](C)CC)C(=O)N[C@@H](CCCCN)C(=O)NCC(=O)N[C@@H](CCCCN)C(=O)N1CCC[C@H]1C(=O)N[C@@H](CO)C(=O)N[C@@H](CO)C(=O)NCC(=O)N[C@@H](C)C(=O)N1CCC[C@H]1C(=O)N1CCC[C@H]1C(=O)N1CCC[C@H]1C(=O)N[C@@H](CO)C(=O)O,64.9
CC[C@H](C)[C@H](NC(=O)[C@H](CC(C)C)NC(=O)[C@H](Cc1c[nH]c2ccccc12)NC(=O)[C@H](CCC(=O)O)NC(=O)[C@@H](NC(=O)[C@H](Cc1ccccc1)NC(=O)[C@H](CCC(=O)O)NC(=O)[C@H](CCCCNC(=O)CC[C@H](NC(=O)CCCCCNC(=O)CC/C(C)=C/Cc1c(O)c2c(c(C)c1OC)COC2=O)C(=O)O)NC(=O)[C@H](C)NC(=O)[C@H](C)NC(=O)[C@H](CCC(=O)O)NC(=O)[C@H](CCC(=O)O)NC(=O)[C@H](CCC(=O)O)NC(=O)[C@H](CC(C)C)NC(=O)[C@H](Cc1ccc(O)cc1)NC(=O)[C@H](CCC(=O)O)NC(=O)[C@@H](NC(=O)[C@@H](NC(=O)[C@H](CC(=O)O)NC(=O)[C@H](CC(N)=O)NC(=O)[C@@H](NC(=O)[C@H](Cc1ccc(O)cc1)NC(=O)[C@@H](NC(=O)CNC(=O)[C@H](CCC(=O)O)NC(=O)CNC(=O)[C@@H](N)Cc1cnc[nH]1)[C@@H](C)O)[C@@H](C)O)C(C)C)[C@@H](C)O)[C@@H](C)CC)C(=O)N[C@@H](CCCCN)C(=O)NCC(=O)N[C@@H](CCCCN)C(=O)N1CCC[C@H]1C(=O)N[C@@H](CO)C(=O)N[C@@H](CO)C(=O)NCC(=O)N[C@@H](C)C(=O)N1CCC[C@H]1C(=O)N1CCC[C@H]1C(=O)N[C@@H](CO)C(=O)N[C@@H](CCCCN)C(=O)N[C@@H](CCCCN)C(=O)N[C@@H](CCCCN)C(=O)N[C@@H](CCCCN)C(=O)N[C@@H](CCCCN)C(=O)N[C@@H](CCCCN)C(=O)O,63.9
CC[C@H](C)[C@H](NC(=O)[C@H](Cc1ccccc1)NC(=O)[C@H](CC(C)C)NC(=O)[C@H](CCCNC(=N)N)NC(=O)[C@@H](NC(=O)[C@H](C)NC(=O)[C@H](CCC(=O)O)NC(=O)[C@H](CCC(=O)O)NC(=O)[C@H](CCC(=O)O)NC(=O)[C@H](CCSC)NC(=O)[C@H](CCC(N)=O)NC(=O)[C@H](CCCCN)NC(=O)[C@H](CO)NC(=O)[C@H](CC(C)C)NC(=O)[C@H](CC(=O)O)NC(=O)[C@H](CO)NC(=O)[C@@H](NC(=O)[C@H](Cc1ccccc1)NC(=O)[C@@H](NC(=O)CNC(=O)[C@H](CCC(=O)O)NC(=O)CNC(=O)[C@@H](N)Cc1cnc[nH]1)[C@@H](C)O)[C@@H](C)O)C(C)C)C(=O)N[C@@H](CCC(=O)O)C(=O)N[C@@H](Cc1c[nH]c2ccccc12)C(=O)N[C@@H](CC(C)C)C(=O)N[C@@H](CCCCN)C(=O)N[C@@H](CC(N)=O)C(=O)NCC(=O)NCC(=O)N1CCC[C@H]1C(=O)N[C@@H](CO)C(=O)N[C@@H](CO)C(=O)NCC(=O)N[C@@H](C)C(=O)N1CCC[C@H]1C(=O)N1CCC[C@H]1C(=O)N1CCC[C@H]1C(=O)N[C@@H](CO)C(N)=O,22.3
CC[C@H](C)[C@H](NC(=O)[C@H](Cc1ccccc1)NC(=O)[C@H](CCC(=O)O)NC(=O)[C@H](CCCCN)NC(=O)[C@H](C)NC(=O)[C@H](C)NC(=O)[C@H](CCC(N)=O)NC(=O)CNC(=O)[C@H](CCC(=O)O)NC(=O)[C@H](CC(C)C)NC(=O)[C@H](Cc1ccc(O)cc1)NC(=O)[C@H](CO)NC(=O)[C@H](CO)NC(=O)[C@@H](NC(=O)[C@H](CC(=O)O)NC(=O)[C@H](CO)NC(=O)[C@@H](NC(=O)[C@H](Cc1ccccc1)NC(=O)[C@@H](NC(=O)CNC(=O)[C@H](CCC(=O)O)NC(=O)CNC(=O)[C@@H](N)Cc1cnc[nH]1)[C@@H](C)O)[C@@H](C)O)C(C)C)C(=O)N[C@@H](C)C(=O)N[C@@H](Cc1c[nH]c2ccccc12)C(=O)N[C@@H](CC(C)C)C(=O)N[C@H](C(=O)N[C@@H](CCCCN)C(=O)NCC(=O)N[C@@H](CCCNC(=N)N)C(=O)N[C@@H](CSC1CC(=O)N(CCC(=O)Nc2ccc(C(c3c(O)c4ccccc4oc3=O)c3c(O)c4ccccc4oc3=O)cc2)C1=O)C(N)=O)C(C)C,66.8
CC[C@H](C)[C@H](NC(=O)[C@H](Cc1ccccc1)NC(=O)[C@H](CCC(=O)O)NC(=O)[C@H](CCCCN)NC(=O)[C@H](C)NC(=O)[C@H](C)NC(=O)[C@H](CCC(N)=O)NC(=O)CNC(=O)[C@H](CCC(=O)O)NC(=O)[C@H](CC(C)C)NC(=O)[C@H](Cc1ccc(O)cc1)NC(=O)[C@H](CO)NC(=O)[C@H](CO)NC(=O)[C@@H](NC(=O)[C@H](CC(=O)O)NC(=O)[C@H](CO)NC(=O)[C@@H](NC(=O)[C@H](Cc1ccccc1)NC(=O)[C@@H](NC(=O)CNC(=O)[C@H](CCC(=O)O)NC(=O)CNC(=O)[C@@H](N)Cc1cnc[nH]1)[C@@H](C)O)[C@@H](C)O)C(C)C)C(=O)N[C@@H](C)C(=O)N[C@@H](Cc1c[nH]c2ccccc12)C(=O)N[C@@H](CC(C)C)C(=O)N[C@H](C(=O)N[C@@H](CCCCN)C(=O)NCC(=O)N[C@@H](CCCNC(=N)N)C(=O)N[C@@H](CSC1CC(=O)N(CCCCCC(=O)Nc2ccc(C(c3c(O)c4ccccc4oc3=O)c3c(O)c4ccccc4oc3=O)cc2)C1=O)C(N)=O)C(C)C,75.2
CC[C@H](C)[C@H](NC(=O)[C@H](Cc1ccccc1)NC(=O)[C@H](CCC(=O)O)NC(=O)[C@H](CCCCN)NC(=O)[C@H](C)NC(=O)[C@H](C)NC(=O)[C@H](CCC(N)=O)NC(=O)CNC(=O)[C@H](CCC(=O)O)NC(=O)[C@H](CC(C)C)NC(=O)[C@H](Cc1ccc(O)cc1)NC(=O)[C@H](CO)NC(=O)[C@H](CO)NC(=O)[C@@H](NC(=O)[C@H](CC(=O)O)NC(=O)[C@H](CO)NC(=O)[C@@H](NC(=O)[C@H](Cc1ccccc1)NC(=O)[C@@H](NC(=O)CNC(=O)[C@H](CCC(=O)O)NC(=O)CNC(=O)[C@@H](N)Cc1cnc[nH]1)[C@@H](C)O)[C@@H](C)O)C(C)C)C(=O)N[C@@H](C)C(=O)N[C@@H](Cc1c[nH]c2ccccc12)C(=O)N[C@@H](CC(C)C)C(=O)N[C@H](C(=O)N[C@@H](CCCCN)C(=O)NCC(=O)N[C@@H](CCCNC(=N)N)C(=O)N[C@@H](CSC1CC(=O)N(CCCCCCCCCCCC(=O)Nc2ccc(C(c3c(O)c4ccccc4oc3=O)c3c(O)c4ccccc4oc3=O)cc2)C1=O)C(N)=O)C(C)C,94.0
CC[C@H](C)[C@H](NC(=O)[C@H](Cc1ccccc1)NC(=O)[C@H](CCC(=O)O)NC(=O)[C@H](CCCCN)NC(=O)[C@H](C)NC(=O)[C@H](C)NC(=O)[C@H](CCC(N)=O)NC(=O)CNC(=O)[C@H](CCC(=O)O)NC(=O)[C@H](CC(C)C)NC(=O)[C@H](Cc1ccc(O)cc1)NC(=O)[C@H](CO)NC(=O)[C@H](CO)NC(=O)[C@@H](NC(=O)[C@H](CC(=O)O)NC(=O)[C@H](CO)NC(=O)[C@@H](NC(=O)[C@H](Cc1ccccc1)NC(=O)[C@@H](NC(=O)CNC(=O)[C@H](CCC(=O)O)NC(=O)CNC(=O)[C@@H](N)Cc1cnc[nH]1)[C@@H](C)O)[C@@H](C)O)C(C)C)C(=O)N[C@@H](C)C(=O)N[C@@H](Cc1c[nH]c2ccccc12)C(=O)N[C@@H](CC(C)C)C(=O)N[C@H](C(=O)N[C@@H](CCCCN)C(=O)NCC(=O)N[C@@H](CCCNC(=N)N)C(N)=O)C(C)C,6.3
CC[C@H](C)[C@H](NC(=O)[C@H](Cc1ccccc1)NC(=O)[C@H](CCC(=O)O)NC(=O)[C@H](CCCCN)NC(=O)[C@H](C)NC(=O)[C@H](C)NC(=O)[C@H](CCC(N)=O)NC(=O)CNC(=O)[C@H](CCC(=O)O)NC(=O)[C@H](CC(C)C)NC(=O)[C@H](Cc1ccc(O)cc1)NC(=O)[C@H](CO)NC(=O)[C@H](CO)NC(=O)[C@@H](NC(=O)[C@H](CC(=O)O)NC(=O)[C@H](CO)NC(=O)[C@@H](NC(=O)[C@H](Cc1ccccc1)NC(=O)[C@@H](NC(=O)CNC(=O)[C@H](CCC(=O)O)NC(=O)CNC(=O)[C@@H](N)Cc1cnc[nH]1)[C@@H](C)O)[C@@H](C)O)C(C)C)C(=O)N[C@@H](C)C(=O)N[C@@H](Cc1c[nH]c2ccccc12)C(=O)N[C@@H](CC(C)C)C(=O)N[C@H](C(=O)N[C@@H](CCCCN)C(=O)NCC(=O)N[C@@H](CS)C(N)=O)C(C)C,9.2
CC[C@H](C)[C@H](NC(=O)[C@H](Cc1ccccc1)NC(=O)[C@H](CCC(=O)O)NC(=O)[C@H](CCCCN)NC(=O)[C@H](C)NC(=O)[C@H](C)NC(=O)[C@H](CCC(N)=O)NC(=O)CNC(=O)[C@H](CCC(=O)O)NC(=O)[C@H](CC(C)C)NC(=O)[C@H](Cc1ccc(O)cc1)NC(=O)[C@H](CO)NC(=O)[C@H](CO)NC(=O)[C@@H](NC(=O)[C@H](CC(=O)O)NC(=O)[C@H](CO)NC(=O)[C@@H](NC(=O)[C@H](Cc1ccccc1)NC(=O)[C@@H](NC(=O)CNC(=O)[C@H](CCC(=O)O)NC(=O)CNC(=O)[C@@H](N)Cc1cnc[nH]1)[C@@H](C)O)[C@@H](C)O)C(C)C)C(=O)N[C@@H](C)C(=O)N[C@@H](Cc1c[nH]c2ccccc12)C(=O)N[C@@H](CC(C)C)C(=O)N[C@H](C(=O)N[C@@H](CS)C(=O)NCC(=O)N[C@@H](CCCNC(=N)N)C(N)=O)C(C)C,6.1
CC[C@H](C)[C@H](NC(=O)[C@H](Cc1ccccc1)NC(=O)[C@H](CCC(=O)O)NC(=O)[C@H](CCCCN)NC(=O)[C@H](C)NC(=O)[C@H](C)NC(=O)[C@H](CCC(N)=O)NC(=O)CNC(=O)[C@H](CCC(=O)O)NC(=O)[C@H](CC(C)C)NC(=O)[C@H](Cc1ccc(O)cc1)NC(=O)[C@H](CO)NC(=O)[C@H](CO)NC(=O)[C@@H](NC(=O)[C@H](CC(=O)O)NC(=O)[C@H](CO)NC(=O)[C@@H](NC(=O)[C@H](Cc1ccccc1)NC(=O)[C@@H](NC(=O)CNC(=O)[C@H](CCC(=O)O)NC(=O)CNC(=O)[C@@H](N)Cc1cnc[nH]1)[C@@H](C)O)[C@@H](C)O)C(C)C)C(=O)N[C@@H](C)C(=O)N[C@@H](Cc1c[nH]c2ccccc12)C(=O)N[C@@H](CC(C)C)C(=O)N[C@H](C(=O)N[C@@H](CSC1CC(=O)N(CCC(=O)Nc2ccc(C(c3c(O)c4ccccc4oc3=O)c3c(O)c4ccccc4oc3=O)cc2)C1=O)C(=O)NCC(=O)N[C@@H](CCCNC(=N)N)C(N)=O)C(C)C,72.7
CC[C@H](C)[C@H](NC(=O)[C@H](Cc1ccccc1)NC(=O)[C@H](CCC(=O)O)NC(=O)[C@H](CCCCN)NC(=O)[C@H](C)NC(=O)[C@H](C)NC(=O)[C@H](CCC(N)=O)NC(=O)CNC(=O)[C@H](CCC(=O)O)NC(=O)[C@H](CC(C)C)NC(=O)[C@H](Cc1ccc(O)cc1)NC(=O)[C@H](CO)NC(=O)[C@H](CO)NC(=O)[C@@H](NC(=O)[C@H](CC(=O)O)NC(=O)[C@H](CO)NC(=O)[C@@H](NC(=O)[C@H](Cc1ccccc1)NC(=O)[C@@H](NC(=O)CNC(=O)[C@H](CCC(=O)O)NC(=O)CNC(=O)[C@@H](N)Cc1cnc[nH]1)[C@@H](C)O)[C@@H](C)O)C(C)C)C(=O)N[C@@H](C)C(=O)N[C@@H](Cc1c[nH]c2ccccc12)C(=O)N[C@@H](CC(C)C)C(=O)N[C@H](C(=O)N[C@@H](CSC1CC(=O)N(CCCCCC(=O)Nc2ccc(C(c3c(O)c4ccccc4oc3=O)c3c(O)c4ccccc4oc3=O)cc2)C1=O)C(=O)NCC(=O)N[C@@H](CCCNC(=N)N)C(N)=O)C(C)C,80.2
CC[C@H](C)[C@H](NC(=O)[C@H](Cc1ccccc1)NC(=O)[C@H](CCC(=O)O)NC(=O)[C@H](CCCCN)NC(=O)[C@H](C)NC(=O)[C@H](C)NC(=O)[C@H](CCC(N)=O)NC(=O)CNC(=O)[C@H](CCC(=O)O)NC(=O)[C@H](CC(C)C)NC(=O)[C@H](Cc1ccc(O)cc1)NC(=O)[C@H](CO)NC(=O)[C@H](CO)NC(=O)[C@@H](NC(=O)[C@H](CC(=O)O)NC(=O)[C@H](CO)NC(=O)[C@@H](NC(=O)[C@H](Cc1ccccc1)NC(=O)[C@@H](NC(=O)CNC(=O)[C@H](CCC(=O)O)NC(=O)CNC(=O)[C@@H](N)Cc1cnc[nH]1)[C@@H](C)O)[C@@H](C)O)C(C)C)C(=O)N[C@@H](C)C(=O)N[C@@H](Cc1c[nH]c2ccccc12)C(=O)N[C@@H](CC(C)C)C(=O)N[C@H](C(=O)N[C@@H](CSC1CC(=O)N(CCCCCCCCCCCC(=O)Nc2ccc(C(c3c(O)c4ccccc4oc3=O)c3c(O)c4ccccc4oc3=O)cc2)C1=O)C(=O)NCC(=O)N[C@@H](CCCNC(=N)N)C(N)=O)C(C)C,83.2
CC[C@H](C)[C@H](NC(=O)[C@H](Cc1ccccc1)NC(=O)[C@H](CCC(=O)O)NC(=O)[C@H](CCCCN)NC(=O)[C@H](C)NC(=O)[C@H](C)NC(=O)[C@H](CCC(N)=O)NC(=O)CNC(=O)[C@H](CCC(=O)O)NC(=O)[C@H](CC(C)C)NC(=O)[C@H](Cc1ccc(O)cc1)NC(=O)[C@H](CO)NC(=O)[C@H](CS)NC(=O)[C@@H](NC(=O)[C@H](CC(=O)O)NC(=O)[C@H](CO)NC(=O)[C@@H](NC(=O)[C@H](Cc1ccccc1)NC(=O)[C@@H](NC(=O)CNC(=O)[C@H](CCC(=O)O)NC(=O)CNC(=O)[C@@H](N)Cc1cnc[nH]1)[C@@H](C)O)[C@@H](C)O)C(C)C)C(=O)N[C@@H](C)C(=O)N[C@@H](Cc1c[nH]c2ccccc12)C(=O)N[C@@H](CC(C)C)C(=O)N[C@H](C(=O)N[C@@H](CCCCN)C(=O)NCC(=O)N[C@@H](CCCNC(=N)N)C(N)=O)C(C)C,7.8
CC[C@H](C)[C@H](NC(=O)[C@H](Cc1ccccc1)NC(=O)[C@H](CCC(=O)O)NC(=O)[C@H](CCCCN)NC(=O)[C@H](C)NC(=O)[C@H](C)NC(=O)[C@H](CCC(N)=O)NC(=O)CNC(=O)[C@H](CCC(=O)O)NC(=O)[C@H](CC(C)C)NC(=O)[C@H](Cc1ccc(O)cc1)NC(=O)[C@H](CO)NC(=O)[C@H](CSC1CC(=O)N(CCC(=O)Nc2ccc(C(c3c(O)c4ccccc4oc3=O)c3c(O)c4ccccc4oc3=O)cc2)C1=O)NC(=O)[C@@H](NC(=O)[C@H](CC(=O)O)NC(=O)[C@H](CO)NC(=O)[C@@H](NC(=O)[C@H](Cc1ccccc1)NC(=O)[C@@H](NC(=O)CNC(=O)[C@H](CCC(=O)O)NC(=O)CNC(=O)[C@@H](N)Cc1cnc[nH]1)[C@@H](C)O)[C@@H](C)O)C(C)C)C(=O)N[C@@H](C)C(=O)N[C@@H](Cc1c[nH]c2ccccc12)C(=O)N[C@@H](CC(C)C)C(=O)N[C@H](C(=O)N[C@@H](CCCCN)C(=O)NCC(=O)N[C@@H](CCCNC(=N)N)C(N)=O)C(C)C,69.0
CC[C@H](C)[C@H](NC(=O)[C@H](Cc1ccccc1)NC(=O)[C@H](CCC(=O)O)NC(=O)[C@H](CCCCN)NC(=O)[C@H](C)NC(=O)[C@H](C)NC(=O)[C@H](CCC(N)=O)NC(=O)CNC(=O)[C@H](CCC(=O)O)NC(=O)[C@H](CC(C)C)NC(=O)[C@H](Cc1ccc(O)cc1)NC(=O)[C@H](CO)NC(=O)[C@H](CSC1CC(=O)N(CCCCCC(=O)Nc2ccc(C(c3c(O)c4ccccc4oc3=O)c3c(O)c4ccccc4oc3=O)cc2)C1=O)NC(=O)[C@@H](NC(=O)[C@H](CC(=O)O)NC(=O)[C@H](CO)NC(=O)[C@@H](NC(=O)[C@H](Cc1ccccc1)NC(=O)[C@@H](NC(=O)CNC(=O)[C@H](CCC(=O)O)NC(=O)CNC(=O)[C@@H](N)Cc1cnc[nH]1)[C@@H](C)O)[C@@H](C)O)C(C)C)C(=O)N[C@@H](C)C(=O)N[C@@H](Cc1c[nH]c2ccccc12)C(=O)N[C@@H](CC(C)C)C(=O)N[C@H](C(=O)N[C@@H](CCCCN)C(=O)NCC(=O)N[C@@H](CCCNC(=N)N)C(N)=O)C(C)C,83.8
CC[C@H](C)[C@H](NC(=O)[C@H](Cc1ccccc1)NC(=O)[C@H](CCC(=O)O)NC(=O)[C@H](CCCCN)NC(=O)[C@H](C)NC(=O)[C@H](C)NC(=O)[C@H](CCC(N)=O)NC(=O)CNC(=O)[C@H](CCC(=O)O)NC(=O)[C@H](CC(C)C)NC(=O)[C@H](Cc1ccc(O)cc1)NC(=O)[C@H](CO)NC(=O)[C@H](CSC1CC(=O)N(CCCCCCCCCCCC(=O)Nc2ccc(C(c3c(O)c4ccccc4oc3=O)c3c(O)c4ccccc4oc3=O)cc2)C1=O)NC(=O)[C@@H](NC(=O)[C@H](CC(=O)O)NC(=O)[C@H](CO)NC(=O)[C@@H](NC(=O)[C@H](Cc1ccccc1)NC(=O)[C@@H](NC(=O)CNC(=O)[C@H](CCC(=O)O)NC(=O)CNC(=O)[C@@H](N)Cc1cnc[nH]1)[C@@H](C)O)[C@@H](C)O)C(C)C)C(=O)N[C@@H](C)C(=O)N[C@@H](Cc1c[nH]c2ccccc12)C(=O)N[C@@H](CC(C)C)C(=O)N[C@H](C(=O)N[C@@H](CCCCN)C(=O)NCC(=O)N[C@@H](CCCNC(=N)N)C(N)=O)C(C)C,96.4
CC[C@H](C)[C@H](NC(=O)[C@H](Cc1ccccc1)NC(=O)[C@H](CCC(=O)O)NC(=O)[C@H](CCCCNC(=O)COCCOCCNC(=O)COCCOCCNC(=O)CCC(NC(=O)CCCCCCCCCCCCCCCCC(=O)O)C(=O)O)NC(=O)[C@H](C)NC(=O)[C@H](C)NC(=O)[C@H](CCC(N)=O)NC(=O)CNC(=O)[C@H](CCC(=O)O)NC(=O)[C@H](CC(C)C)NC(=O)[C@H](Cc1ccc(O)cc1)NC(=O)[C@H](CO)NC(=O)[C@H](CO)NC(=O)[C@@H](NC(=O)[C@H](CC(=O)O)NC(=O)[C@H](CO)NC(=O)[C@@H](NC(=O)[C@H](Cc1ccccc1)NC(=O)[C@@H](NC(=O)CNC(=O)[C@H](CCC(=O)O)NC(=O)C(C)(C)NC(=O)[C@@H](N)Cc1cnc[nH]1)[C@@H](C)O)[C@@H](C)O)C(C)C)C(=O)N[C@@H](C)C(=O)N[C@@H](Cc1c[nH]c2ccccc12)C(=O)N[C@@H](CC(C)C)C(=O)N[C@H](C(=O)N[C@@H](CCCNC(=N)N)C(=O)NCC(=O)N[C@@H](CCCNC(=N)N)C(=O)NCC(=O)O)C(C)C,97.8
CC[C@H](C)[C@H](NC(=O)[C@H](Cc1ccccc1)NC(=O)[C@H](CCC(=O)O)NC(=O)[C@H](CS)NC(=O)[C@H](C)NC(=O)[C@H](C)NC(=O)[C@H](CCC(N)=O)NC(=O)CNC(=O)[C@H](CCC(=O)O)NC(=O)[C@H](CC(C)C)NC(=O)[C@H](Cc1ccc(O)cc1)NC(=O)[C@H](CO)NC(=O)[C@H](CO)NC(=O)[C@@H](NC(=O)[C@H](CC(=O)O)NC(=O)[C@H](CO)NC(=O)[C@@H](NC(=O)[C@H](Cc1ccccc1)NC(=O)[C@@H](NC(=O)CNC(=O)[C@H](CCC(=O)O)NC(=O)CNC(=O)[C@@H](N)Cc1cnc[nH]1)[C@@H](C)O)[C@@H](C)O)C(C)C)C(=O)N[C@@H](C)C(=O)N[C@@H](Cc1c[nH]c2ccccc12)C(=O)N[C@@H](CC(C)C)C(=O)N[C@H](C(=O)N[C@@H](CCCCN)C(=O)NCC(=O)N[C@@H](CCCNC(=N)N)C(N)=O)C(C)C,5.1
CC[C@H](C)[C@H](NC(=O)[C@H](Cc1ccccc1)NC(=O)[C@H](CCC(=O)O)NC(=O)[C@H](CSC1CC(=O)N(CCC(=O)Nc2ccc(C(c3c(O)c4ccccc4oc3=O)c3c(O)c4ccccc4oc3=O)cc2)C1=O)NC(=O)[C@H](C)NC(=O)[C@H](C)NC(=O)[C@H](CCC(N)=O)NC(=O)CNC(=O)[C@H](CCC(=O)O)NC(=O)[C@H](CC(C)C)NC(=O)[C@H](Cc1ccc(O)cc1)NC(=O)[C@H](CO)NC(=O)[C@H](CO)NC(=O)[C@@H](NC(=O)[C@H](CC(=O)O)NC(=O)[C@H](CO)NC(=O)[C@@H](NC(=O)[C@H](Cc1ccccc1)NC(=O)[C@@H](NC(=O)CNC(=O)[C@H](CCC(=O)O)NC(=O)CNC(=O)[C@@H](N)Cc1cnc[nH]1)[C@@H](C)O)[C@@H](C)O)C(C)C)C(=O)N[C@@H](C)C(=O)N[C@@H](Cc1c[nH]c2ccccc12)C(=O)N[C@@H](CC(C)C)C(=O)N[C@H](C(=O)N[C@@H](CCCCN)C(=O)NCC(=O)N[C@@H](CCCNC(=N)N)C(N)=O)C(C)C,57.7
CC[C@H](C)[C@H](NC(=O)[C@H](Cc1ccccc1)NC(=O)[C@H](CCC(=O)O)NC(=O)[C@H](CSC1CC(=O)N(CCCCCC(=O)Nc2ccc(C(c3c(O)c4ccccc4oc3=O)c3c(O)c4ccccc4oc3=O)cc2)C1=O)NC(=O)[C@H](C)NC(=O)[C@H](C)NC(=O)[C@H](CCC(N)=O)NC(=O)CNC(=O)[C@H](CCC(=O)O)NC(=O)[C@H](CC(C)C)NC(=O)[C@H](Cc1ccc(O)cc1)NC(=O)[C@H](CO)NC(=O)[C@H](CO)NC(=O)[C@@H](NC(=O)[C@H](CC(=O)O)NC(=O)[C@H](CO)NC(=O)[C@@H](NC(=O)[C@H](Cc1ccccc1)NC(=O)[C@@H](NC(=O)CNC(=O)[C@H](CCC(=O)O)NC(=O)CNC(=O)[C@@H](N)Cc1cnc[nH]1)[C@@H](C)O)[C@@H](C)O)C(C)C)C(=O)N[C@@H](C)C(=O)N[C@@H](Cc1c[nH]c2ccccc12)C(=O)N[C@@H](CC(C)C)C(=O)N[C@H](C(=O)N[C@@H](CCCCN)C(=O)NCC(=O)N[C@@H](CCCNC(=N)N)C(N)=O)C(C)C,74.9
CC[C@H](C)[C@H](NC(=O)[C@H](Cc1ccccc1)NC(=O)[C@H](CCC(=O)O)NC(=O)[C@H](CSC1CC(=O)N(CCCCCCCCCCCC(=O)Nc2ccc(C(c3c(O)c4ccccc4oc3=O)c3c(O)c4ccccc4oc3=O)cc2)C1=O)NC(=O)[C@H](C)NC(=O)[C@H](C)NC(=O)[C@H](CCC(N)=O)NC(=O)CNC(=O)[C@H](CCC(=O)O)NC(=O)[C@H](CC(C)C)NC(=O)[C@H](Cc1ccc(O)cc1)NC(=O)[C@H](CO)NC(=O)[C@H](CO)NC(=O)[C@@H](NC(=O)[C@H](CC(=O)O)NC(=O)[C@H](CO)NC(=O)[C@@H](NC(=O)[C@H](Cc1ccccc1)NC(=O)[C@@H](NC(=O)CNC(=O)[C@H](CCC(=O)O)NC(=O)CNC(=O)[C@@H](N)Cc1cnc[nH]1)[C@@H](C)O)[C@@H](C)O)C(C)C)C(=O)N[C@@H](C)C(=O)N[C@@H](Cc1c[nH]c2ccccc12)C(=O)N[C@@H](CC(C)C)C(=O)N[C@H](C(=O)N[C@@H](CCCCN)C(=O)NCC(=O)N[C@@H](CCCNC(=N)N)C(N)=O)C(C)C,81.3
CC[C@H]1[C@@H](O)[C@@H]2[C@H](CC[C@]3(C)[C@@H]([C@H](C)CCC(=O)O)CC[C@@H]23)[C@@]2(C)CC[C@@H](O)C[C@@H]12,96.0
CC[C@H]1[C@@H](O)[C@@H]2[C@H](C[C@H](O)[C@]3(C)[C@@H]([C@H](C)C[C@H](C)C(=O)O)CC[C@@H]23)[C@@]2(C)CC[C@@H](O)C[C@@H]12,62.0
CC[C@H]1[C@@H](O)[C@@H]2[C@H]([C@@H](O)C[C@]3(C)[C@@H]([C@H](C)CCC(=O)O)CC[C@@H]23)[C@@]2(C)CC[C@@H](O)C[C@@H]12,72.0
CCc1c(C(=O)c2cc(C)cc(C#N)c2)n(CC)c(=O)[nH]c1=O,85.1
CCc1c(C)nn(CCNC(=O)C2C(c3ccc(F)cc3)C2(C)C)c1C,5.0
CCc1cc2oc(=O)n(CCC(=O)O)c2cc1Cl.NC(CO)(CO)CO,97.4
CCn1c(-c2ccnc(N)n2)cc(C(N)=O)c1-c1ccccc1,94.0
CCn1c(C(=O)c2cc(C)cc(C#N)c2)c(C(C)(C)C)c(=O)[nH]c1=O,99.3
CCn1c(C(=O)c2cc(C)cc(C#N)c2)c(C(C)C)c(=O)[nH]c1=O,83.4
CCn1c(C(F)(F)c2cc(C)cc(C#N)c2)c(C(C)C)c(=O)[nH]c1=O,98.7
CCn1c(C(F)c2cc(C)cc(C#N)c2)c(C(C)C)c(=O)[nH]c1=O,98.0
CCn1c(Oc2cc(C)cc(C#N)c2)c(C(C)C)c(=O)[nH]c1=O,96.0
CCn1cc(C)c2c([C@H](O)c3ccc(C(F)(F)F)nc3)n(C)nc2c1=O,50.1
CCn1cc(C2CC2)c2c(Cc3ccc(C(F)(F)F)nc3)n(C)nc2c1=O,50.0
CCn1cc(Cl)c2c(Cc3ccc(C(F)(F)F)nc3)n(C)nc2c1=O,44.2
CCn1ccc2c([C@@](O)(CC)c3ccc(C(F)(F)F)nc3)n(C)nc2c1=O,21.3
CCn1ccc2c([C@](O)(c3cnc(C(F)(F)F)c(Cl)c3)C3CC3)n(C)nc2c1=O,17.9
CN(C)C(=O)c1cc(N2C(=O)NC(C)(C)C2=O)ccc1F,5.9
CN(C)C(=O)c1nc2ccccc2c(-c2ccccc2)c1CI,95.02
CN(C)CCCN1c2ccccc2CCc2ccccc21,84.9
CN(C)C[C@@]1(C(N)=O)CCCN1C(=O)Nc1nc2c(s1)-c1nc(C(C)(C)C)ncc1CC2,78.7
CN(C)[C@@H]1C[C@@H](C(N)=O)N(C(=O)Nc2nc3c(s2)-c2nc(C(C)(C)C)ncc2CC3)C1,89.7
CN(C)c1ccc(-c2cc(NC[C@H]3CCCNC3)c3cccnc3c2)cn1,95.0
CN(C)c1ccc(-c2cc3ncccc3c(NC[C@H]3CCCNC3)n2)cn1,94.0
CN(C)c1ccc(-c2cc3nccnc3c(CCC3CCCNC3)n2)cn1,91.0
CN(C)c1ccc(-c2cc3nccnc3c(NCC(F)(F)F)n2)cn1,96.0
CN(C)c1ccc(-c2cc3nccnc3c(NCC3CNCC(F)(F)C3)n2)cn1,93.0
CN(C)c1ccc(-c2cc3nccnc3c(NCCC(N)=O)n2)cn1,96.0
CN(C)c1ccc(-c2cc3nccnc3c(NCCCCN)n2)cn1,89.0
CN(C)c1ccc(-c2cc3nccnc3c(NCCCCO)n2)cn1,92.0
CN(C)c1ccc(-c2cc3nccnc3c(NC[C@@H]3CNCCC3(F)F)n2)cn1,95.0
CN(C)c1ccc(-c2cc3nccnc3c(NC[C@@H]3CNCCN3C)n2)cn1,91.0
CN(C)c1ccc(-c2cc3nccnc3c(NC[C@@H]3CNCCO3)n2)cn1,88.0
CN(C)c1ccc(-c2cc3nccnc3c(NC[C@H]3CCCNC3)n2)cn1,92.0
CN(C)c1ccc(-c2cc3nccnc3c(NC[C@H]3CNCCC3(F)F)n2)cn1,95.0
CN(C)c1ccc(-c2cc3nccnc3c(NC[C@H]3CNCCN3C)n2)cn1,93.0
CN(C)c1ccc(-c2cc3nccnc3c(NC[C@H]3CNCCO3)n2)cn1,89.0
CN(C)c1ccc(-c2cc3nccnc3c(OC[C@@H]3CCCNC3)n2)cn1,91.0
CN(C)c1ccc(-c2cc3nccnc3c(OC[C@H]3CCCNC3)n2)cn1,90.0
CN1C(=O)CN=C(c2ccccc2)c2cc(Cl)ccc21,93.5
CN1C(=O)N(c2ccc(F)c(C(F)(F)F)c2)C(=O)C1(C)C,40.9
CN1C(C(=O)Nc2ccccn2)=C(O)c2ccccc2S1(=O)=O,96.65
CN1C(C(=O)Nc2ccccn2)=C(O)c2sc(Cl)cc2S1(=O)=O,99.0
CN1C(C(=O)Nc2ccccn2)=C(O)c2sccc2S1(=O)=O,98.4
CN1CC[C@H](c2c(O)cc(O)c3c(=O)cc(/C=C/c4c(Cl)cccc4Cl)oc23)[C@H](O)C1,96.7
CN1CCc2nc(C(=O)N[C@@H]3C[C@@H](C(=O)N(C)C)CC[C@@H]3NC(=O)c3cc4cc(Cl)ccc4[nH]3)sc2C1,72.0
CN1CCc2nc(C(=O)N[C@@H]3C[C@@H](C(=O)N(C)C)CC[C@H]3NC(=O)c3cc4cc(Cl)ccc4[nH]3)sc2C1,91.0
CNC(=C[N+](=O)[O-])NCCSCc1csc(CN(C)C)n1,35.0
CNC(=O)Oc1ccc2c(c1)[C@]1(C)CCN(C)[C@@H]1N2C,14.85
CNC(=O)c1cc(C(=O)NC2CC2)cc2c1O[C@H](C)[C@H]2c1ccccc1,89.0
CNC(=O)c1cc(C(=O)NC2CC2)cc2c1O[C@H](CO)[C@H]2c1ccccc1,79.0
CN[C@H](CC(C)C)C(=O)N[C@H]1C(=O)N[C@@H](CC(N)=O)C(=O)N[C@H]2C(=O)N[C@H]3C(=O)N[C@H](C(=O)N[C@H](C(=O)O)c4cc(O)cc(O)c4-c4cc3ccc4O)[C@H](O)c3ccc(c(Cl)c3)Oc3cc2cc(c3O[C@@H]2O[C@H](CO)[C@@H](O)[C@H](O)[C@H]2O[C@H]2C[C@](C)(N)[C@H](O)[C@H](C)O2)Oc2ccc(cc2Cl)[C@H]1O,10.0
CN[C@H](CC(C)C)C(=O)N[C@H]1C(=O)N[C@@H](CC(N)=O)C(=O)N[C@H]2C(=O)N[C@H]3C(=O)N[C@H](C(=O)N[C@H](C(=O)O)c4cc(O)cc(O)c4-c4cc3ccc4O)[C@H](O[C@H]3C[C@](C)(N)[C@@H](O)[C@H](C)O3)c3ccc(c(Cl)c3)Oc3cc2cc(c3O[C@@H]2O[C@H](CO)[C@@H](O)[C@H](O)[C@H]2O[C@H]2C[C@](C)(NCc3ccc(-c4ccc(Cl)cc4)cc3)[C@@H](O)[C@H](C)O2)Oc2ccc(cc2Cl)[C@H]1O,87.65
CN[C@H]1C(=O)N[C@@H]2Cc3ccc(cc3)Oc3cc4cc(c3O[C@@H]3O[C@H](C(=O)O)[C@@H](O)[C@H](O)[C@H]3NC(=O)CCCCCCC(C)C)Oc3ccc(cc3Cl)[C@@H](O)[C@@H]3NC(=O)[C@H](NC(=O)[C@@H]4NC(=O)[C@@H](NC2=O)c2cc(cc(O)c2Cl)Oc2ccc1cc2O)c1ccc(O)c(c1)-c1c(O[C@H]2O[C@H](CO)[C@@H](O)[C@H](O)[C@@H]2O)cc(O)cc1[C@@H](C(=O)NCCCN(C)C)NC3=O,99.0
CO/N=C(\C(=O)N[C@@H]1C(=O)N2C(C(=O)O)=C(COC(N)=O)CS[C@H]12)c1ccco1,40.1
CO/N=C(\C(=O)N[C@@H]1C(=O)N2C(C(=O)O)=C(CSc3nc(=O)c(O)nn3C)CS[C@H]12)c1csc(N)n1,56.9
COC(=O)C1=C(C)NC(C)=C(C(=O)OCCN(C)Cc2ccccc2)C1c1cccc([N+](=O)[O-])c1,95.0
COC1=C(C(=O)Nc2ncc(C)s2)N(C)S(=O)(=O)c2ccccc21,75.05000000000001
COCCOc1cc2oc(=O)n(CCC(=O)O)c2cc1Cl.NC(CO)(CO)CO,44.2
COc1c(CNC(=O)[C@@H]2C[C@@H](O)CN2C(=O)[C@@H](NC(=O)C2(C#N)CC2)C(C)(C)C)ccc(-c2scnc2C)c1F,89.0
COc1c(N)c(F)cc(C(=O)NC2CCC(=O)NC2=O)c1F,14.0
COc1c(N2CC3(CC3)[C@](C)(N)C2)c(F)cc2c(=O)c(C(=O)O)cn([C@@H]3C[C@@H]3F)c12,5.4
COc1c(N2C[C@@H]3CCCN[C@@H]3C2)c(F)cc2c(=O)c(C(=O)O)cn(C3CC3)c12,1.3
COc1c(N2C[C@@H]3CCOC[C@@]3(N)C2)c(F)cc2c(=O)c(C(=O)O)cn([C@@H]3C[C@@H]3F)c12,0.0
COc1c(N2C[C@H]3CCOC[C@@]3(N)C2)c(F)cc2c(=O)c(C(=O)O)cn([C@@H]3C[C@@H]3F)c12,12.0
COc1cc(-c2scnc2C)c(F)cc1CNC(=O)[C@@H]1C[C@@H](O)CN1C(=O)[C@@H](NC(=O)C1(F)CC1)C(C)(C)C,88.0
COc1cc(-c2scnc2C)c(F)cc1[C@H](C)NC(=O)[C@@H]1C[C@@H](O)CN1C(=O)[C@@H](NC(=O)C1(F)CC1)C(C)(C)C,89.0
COc1cc(-c2scnc2C)c(OC)cc1CNC(=O)[C@@H]1C[C@@H](O)CN1C(=O)[C@@H](NC(=O)C1(C#N)CC1)C(C)(C)C,86.0
COc1cc(-c2scnc2C)cc(OC)c1CNC(=O)[C@@H]1C[C@@H](O)CN1C(=O)[C@@H](NC(=O)C1(C#N)CC1)C(C)(C)C,88.0
COc1cc(-c2scnc2C)ccc1CNC(=O)[C@@H]1C[C@@H](O)CN1C(=O)[C@@H](NC(=O)C1(C#N)CC1)C(C)(C)C,88.0
COc1cc(CNC(=O)[C@@H]2C[C@@H](O)CN2C(=O)[C@@H](NC(=O)C2(C#N)CC2)C(C)(C)C)ccc1-c1scnc1C,87.0
COc1cc(Cc2cnc(N)nc2N)cc(OC)c1OC,20.2
COc1cc(N)ccc1C(=O)NC1CCC(=O)NC1=O,17.0
COc1cc(N2CCC(CNC(=O)C[C@@H]3N=C(c4ccc(Cl)cc4)c4c(sc(C)c4C)-n4c(C)nnc43)CC2)ccc1C(=O)NC1CCC(=O)NC1=O,92.0
COc1cc(NCC(=O)NCCCCCCCC(=O)Nc2ccc(C(=O)NCCCCCCC(=O)NO)cc2)ccc1C(=O)NC1CCC(=O)NC1=O,90.0
COc1cc2[nH]c(=O)[nH]c2nc1NS(=O)(=O)c1cccc(Cl)c1Cl,93.0
COc1cc2c(cc1-c1c(C)noc1C)ncc1[nH]c(=O)n(-c3ccccc3C(C)(C)C)c12,97.7
COc1cc2c(cc1-c1ccc(I)cc1)NC(=O)CC(c1cccc(-n3ccnc3)c1)=N2,98.32
COc1cc2c(cc1C(F)(F)F)NC(=O)CC(c1cccc(-n3ccnc3)c1)=N2,92.41
COc1cc2ncc(C(=O)N[C@H]3CC[C@H](C(C)(C)O)CC3)cc2cn1,67.0
COc1cc2oc(=O)n(CCC(=O)O)c2cc1Cl,89.0
COc1ccc(-c2ccccc2C2CCN(C[C@@H](O)COc3ccc(-c4cn5ccccc5n4)cc3)CC2)cc1,98.5
COc1ccc(-c2ccccc2N2CCN(CCCCOc3ccc4c(c3)NC(=O)C(C)O4)CC2)cc1,98.8
COc1ccc(-c2ccccc2N2CCN(C[C@@H](O)COc3cc(Cl)c4oc(=O)cc(C)c4c3)CC2)cc1,99.4
COc1ccc(-c2ccccc2N2CCN(C[C@@H](O)COc3ccc(-c4cn5ccccc5n4)cc3)CC2)cc1,99.9
COc1ccc(-c2ccccc2N2CCN(C[C@@H](O)COc3ccc4c(c3)NC(=O)C(C)O4)CC2)cc1,99.9
COc1ccc(-c2ccccc2N2CCN(C[C@@H](O)COc3cnccn3)CC2)cc1,98.5
COc1ccc(C(=O)N2CCN(/C(=N/C#N)Nc3ccccc3C)CC2c2ccccc2)cc1OC,92.0
COc1ccc(C(=O)N2CCN(C(=O)c3cc(Cc4n[nH]c(=O)c5ccccc45)ccc3F)CC2)cc1I,96.5
COc1ccc(C(=O)N2CCN(c3c(Nc4ccccc4C)c(=O)c3=O)CC2c2ccccc2)cc1OC,96.0
COc1ccc(C2CNC(=O)C2)cc1OC1CCCC1,58.0
COc1ccc(CN2CCCN(Cc3ccccc3)[C@@H](C)C2)cc1,1.6
COc1ccc(NC(=O)N2CCN(c3c(Nc4ccccc4C)c(=O)c3=O)CC2)cc1OC,69.0
COc1ccc(NC(=O)N2CCN(c3c(Nc4ccccc4C)c(=O)c3=O)CC2c2ccccc2)cc1OC,95.0
COc1ccc([C@@H]2Sc3ccccc3N(CCN(C)C)C(=O)[C@@H]2OC(C)=O)cc1,56.6
COc1ccc([C@H](C(=O)N(C)C)N2C(=O)[C@@H](C3Cc4ccccc4C3)NC(=O)[C@H]2CC(C)C)cn1,92.0
COc1ccc([C@H](C(=O)N2CCOCC2)N2C(=O)[C@@H](C3Cc4ccccc4C3)NC(=O)[C@H]2CC(C)C)cn1,76.0
COc1ccc2c(c1)CN(c1ccc(C(C)C(=O)O)cc1)C2=O,98.0
COc1ccc2c(c1)c(CC(=O)O)c(C)n2C(=O)c1ccc(Cl)cc1,97.4
COc1ccc2cc(C(=O)N[C@H]3CC[C@H](C(C)(C)O)CC3)cnc2n1,73.0
COc1cccc2c1c(NS(=O)(=O)c1cccc(Cl)c1Cl)nn2C,97.7
COc1nc2[nH]c(=O)[nH]c2cc1NS(=O)(=O)c1cccc(Cl)c1Cl,93.0
COc1nc2[nH]c(=O)[nH]c2nc1NS(=O)(=O)c1cccc(Cl)c1Cl,93.0
COc1ncc(-c2cc(-c3ncc(CN4C[C@@H](C)O[C@@H](C)C4)o3)c3cn[nH]c3c2)cc1NS(C)(=O)=O,90.0
COc1ncc(-c2cc3c(c(-c4nnc(C)o4)c2)COC3)cc1NS(C)(=O)=O,90.0
COc1ncc(-c2cc3c(c(NC(=O)CN4CCOCC4)c2)COC3)cc1NS(C)(=O)=O,64.0
COc1ncc(-c2cc3c(c(NC(=O)c4cccc(C)n4)c2)COC3)cc1NS(C)(=O)=O,93.0
COc1ncc(C2=CCOCC2)cc1NS(=O)(=O)c1cn(Cc2ccccc2)c(C)n1,89.9
COc1ncc(C2=CCOCC2)cc1S(=O)(=O)Nc1ccnc(C)c1,79.0
COc1ncc(C2=CCOCC2)cc1S(=O)(=O)Nc1cncc(C#CCN2CCN(C(C)C)CC2)c1,83.0
COc1ncc(C2=CCOCC2)cc1S(=O)(=O)Nc1cncc(C)c1,91.0
COc1nn(C)c2ncnc(NS(=O)(=O)c3ccc(Cl)s3)c12,97.7
COc1nn(C)c2ncnc(NS(=O)(=O)c3cccc(Cl)c3Cl)c12,98.5
CS(=O)(=O)Cc1nc2c(Br)cc(Cl)cn2c1[N+](=O)[O-],76.9
CS(=O)(=O)Cc1nc2c(Sc3ccc(Cl)cc3)cc(Cl)cn2c1[N+](=O)[O-],98.9
CS(=O)(=O)NC(=O)COc1ccc([C@H]2CC[C@]3(CC2)OOC2(O3)C3CC4CC(C3)CC2C4)cc1,99.0
CS(=O)(=O)Nc1ccc([N+](=O)[O-])cc1Oc1ccccc1,90.0
CS(=O)(=O)O.NC1C2CC3CC1CC(C2)C31OO[C@]2(CC[C@@H](c3ccc(OCC(=O)O)cc3)CC2)O1,94.2
CS(=O)(=O)O.O=C(O)CNCc1ccc([C@H]2CC[C@]3(CC2)OOC2(O3)C3CC4CC(C3)CC2C4)cc1,97.6
C[C@@H](C(=O)NCCCN1CCCC1)c1ccc(OS(=O)(=O)C(F)(F)F)cc1,62.0
C[C@@H](C(=O)NCCN1CCCC1)c1ccc(OS(=O)(=O)C(F)(F)F)cc1,70.0
C[C@@H](C(=O)NS(C)(=O)=O)c1ccc(OS(=O)(=O)C(F)(F)F)cc1,99.8
C[C@@H](C(N)=O)c1ccc(OS(=O)(=O)C(F)(F)F)cc1,92.0
C[C@@H](O)[C@H]1C(=O)N2C(C(=O)O)=C(S[C@@H]3CN[C@H](C(=O)Nc4cccc(C(=O)O)c4)C3)[C@H](C)[C@H]12,17.8
C[C@@H](Oc1cc2oc(=O)n(CCC(=O)O)c2cc1Cl)c1ccc(Cl)cn1.NC(CO)(CO)CO,97.9
C[C@@H](Oc1cc2oc(=O)n(CCC(=O)O)c2cc1Cl)c1ccc(F)cn1.NC(CO)(CO)CO,94.0
C[C@@H](Oc1cc2oc(=O)n(CCC(=O)O)c2cc1Cl)c1ccccn1.NC(CO)(CO)CO,93.3
C[C@@H](Oc1cc2oc(=O)n(CCC(=O)O)c2cc1Cl)c1cccnn1,59.1
C[C@@H](Oc1cc2oc(=O)n(CCC(=O)O)c2cc1Cl)c1ncccn1.NC(CO)(CO)CO,59.1
C[C@@H](Oc1cc2oc(=O)n(CCC(=O)O)c2cc1Cl)c1ncco1.NC(CO)(CO)CO,77.3
C[C@@H](Oc1cc2onc(CCC(=O)O)c2cc1Cl)c1ccc(Cl)cn1.NC(CO)(CO)CO,99.0
C[C@@H](Oc1cc2onc(CCC(=O)O)c2cc1Cl)c1ccc(F)cn1,98.3
C[C@@H]1CCN(C(=O)Nc2nc3c(s2)-c2nc(C(C)(C)C)ncc2CC3)[C@@H]1C(N)=O,90.4
C[C@H](CCC(=O)O)[C@H]1CC[C@H]2[C@@H]3[C@@H](O)C[C@@H]4C[C@H](O)CC[C@]4(C)[C@H]3CC[C@]12C,94.0
C[C@H](CCC(=O)O)[C@H]1CC[C@H]2[C@@H]3[C@H](O)C[C@@H]4C[C@H](O)CC[C@]4(C)[C@H]3CC[C@]12C,94.5
C[C@H](CCC(=O)O)[C@H]1CC[C@H]2[C@@H]3[C@H](O)C[C@@H]4C[C@H](O)CC[C@]4(C)[C@H]3C[C@H](O)[C@]12C,71.0
C[C@H](Oc1cc2oc(=O)n(CCC(=O)O)c2cc1Cl)c1ccccn1.NC(CO)(CO)CO,91.6
C[C@H]1CCN1c1cc2ncc(C(=O)N[C@H]3CCNC3=O)cc2cn1,56.0
C[C@H]1CCN1c1ccc2cc(C(=O)N[C@H]3CC[C@H](C(C)(C)O)CC3)cnc2n1,78.0
C[C@H]1CCN1c1nc2ncc(C(=O)N[C@H]3CCNC3=O)cc2cc1Cl,81.0
C[C@H]1CCN1c1nc2ncc(C(=O)N[C@H]3CC[C@](C)(O)CC3)cc2cc1Cl,87.0
C[C@H]1COc2c(N3CCN(C)CC3)c(F)cc3c(=O)c(C(=O)O)cn1c23.C[C@H]1COc2c(N3CCN(C)CC3)c(F)cc3c(=O)c(C(=O)O)cn1c23.O,14.0
C[C@](O)(CS(=O)(=O)c1cc(C(F)(F)F)cc(C(F)(F)F)c1)C(=O)Nc1ccc(C#N)c(C(F)(F)F)c1,99.9
C[C@]1(O)C[C@@H](NC(=O)c2cnc3cc(N4CCC4)ncc3c2)C1,52.0
C[C@]1(O)C[C@@H](NC(=O)c2cnc3nc(C4CC4)c(Cl)cc3c2)C1,87.0
C[C@]1(O)C[C@H](NC(=O)c2cnc3nc(C4CC4)c(Cl)cc3c2)C1,86.0
Cc1[nH]c(C(=O)N2CCC2)c(C)c1Cc1ccc(C(F)(F)F)nc1,77.2
Cc1[nH]c(C(=O)N2CCCC2)cc1Cc1ccc(C(F)(F)F)nc1,81.5
Cc1[nH]c(C(=O)N2CCCCC2)cc1Cc1ccc(C(F)(F)F)nc1,87.5
Cc1[nH]c(C(=O)NC2CC2)c(C)c1C(=O)c1ccc(C(F)(F)F)cn1,50.4
Cc1[nH]c(C(=O)NC2CC2)c(C)c1Cc1ccc(C(F)(F)F)nc1,82.8
Cc1[nH]c(C(=O)NC2CC2)c(C)c1Oc1ccc(C(F)(F)F)nc1,42.7
Cc1[nH]c(C(=O)NC2CC2)cc1Cc1ccc(C(F)(F)F)nc1,72.6
Cc1[nH]c(C(=O)NC2CC2)cc1Cc1cnc(C(F)(F)F)nc1,44.5
Cc1[nH]c(C)c(-c2ccc(-c3ccc(C(F)(F)F)cc3)nc2)c(=O)c1Cl,95.0
Cc1[nH]c(C)c(-c2ccc(-c3ccc(C(F)(F)F)cc3Cl)nc2)c(=O)c1Cl,95.0
Cc1[nH]c(C)c(-c2ccc(-c3ccc(C(F)(F)F)cc3F)nc2)c(=O)c1Cl,95.0
Cc1[nH]c(C)c(-c2ccc(-c3ccc(OC(F)(F)F)cc3)nc2)c(=O)c1Br,96.0
Cc1[nH]c(C)c(-c2ccc(-c3ccc(OC(F)(F)F)cc3)nc2)c(=O)c1Cl,96.0
Cc1[nH]c(C)c(-c2ccc(-c3cccc(C(F)(F)F)c3)nc2)c(=O)c1Cl,95.0
Cc1[nH]c(C)c(-c2ccc(OCc3ccc(OC(F)(F)F)cc3)nc2)c(=O)c1Br,97.0
Cc1[nH]c(C)c(-c2ccc(OCc3ccc(OC(F)(F)F)cc3)nc2)c(=O)c1Cl,97.0
Cc1[nH]c(CO)c(-c2ccc(-c3ccc(C(F)(F)F)cc3F)nc2)c(=O)c1Cl,94.0
Cc1[nH]c(CO)c(-c2ccc(-c3ccc(OC(F)(F)F)cc3)nc2)c(=O)c1Cl,95.0
Cc1c(-c2ccccc2)nn(-c2nc(C(=O)O)cs2)c1-c1ccccc1,99.71
Cc1c(C(O)c2ccc(C(F)(F)F)nc2)c[nH]c1C(=O)NC1CC1,89.5
Cc1c(Cc2ccc(C(F)(F)F)cc2)c[nH]c1C(=O)NC1CC1,97.1
Cc1c(Cc2ccc(C(F)(F)F)cc2Cl)c[nH]c1C(=O)NC1CC1,98.1
Cc1c(Cc2ccc(C(F)(F)F)cc2F)c[nH]c1C(=O)NC1CC1,97.0
Cc1c(Cc2ccc(C(F)(F)F)nc2)c[nH]c1C(=O)N1CC(F)(F)C1,74.9
Cc1c(Cc2ccc(C(F)(F)F)nc2)c[nH]c1C(=O)N1CCC1,65.9
Cc1c(Cc2ccc(C(F)(F)F)nc2)c[nH]c1C(=O)NC1CC1,64.0
Cc1c(Cc2ccc(C(F)(F)F)nc2)c[nH]c1C(=O)NC1CCC1,83.5
Cc1c(Cc2ccc(C(F)(F)F)nc2)c[nH]c1C(=O)NCC(F)(F)F,81.9
Cc1c(Cc2cccnc2)c[nH]c1C(=O)NC1CC1,73.2
Cc1c(F)cc(C(=O)NC2CC2)cc1-c1ccc(C(=O)NCC(C)(C)C)cn1,94.9
Cc1c[nH]c2ncnc(N3C=C(C(=O)N4CCC[C@@H](N)C4)SCC3)c12,84.0
Cc1cc(-c2scnc2C)c(C)cc1CNC(=O)[C@@H]1C[C@@H](O)CN1C(=O)[C@@H](NC(=O)C1(C#N)CC1)C(C)(C)C,90.0
Cc1cc(-c2scnc2C)c(F)cc1CNC(=O)[C@@H]1C[C@@H](O)CN1C(=O)[C@@H](NC(=O)C1(F)CC1)C(C)(C)C,90.0
Cc1cc(-c2scnc2C)c(F)cc1[C@H](C)NC(=O)[C@@H]1C[C@@H](O)CN1C(=O)[C@@H](NC(=O)C1(F)CC1)C(C)(C)C,89.0
Cc1cc(-c2scnc2C)cc(C)c1CNC(=O)[C@@H]1C[C@@H](O)CN1C(=O)[C@@H](NC(=O)C1(C#N)CC1)C(C)(C)C,90.0
Cc1cc(-c2scnc2C)ccc1CNC(=O)[C@@H]1C[C@@H](O)CN1C(=O)[C@@H](NC(=O)C1(C#N)CC1)C(C)(C)C,90.0
Cc1cc(-c2scnc2C)ccc1CNC(=O)[C@@H]1C[C@@H](O)CN1C(=O)[C@@H](NC(=O)C1(F)CC1)C(C)(C)C,89.0
Cc1cc(-c2scnc2C)ccc1[C@H](C)NC(=O)[C@@H]1C[C@@H](O)CN1C(=O)[C@@H](NC(=O)C1(C#N)CC1)C(C)(C)C,88.0
Cc1cc(-c2scnc2C)ccc1[C@H](C)NC(=O)[C@@H]1C[C@@H](O)CN1C(=O)[C@@H](NC(=O)C1(F)CC1)C(C)(C)C,88.0
Cc1cc(C#N)cc(C(=O)c2c(C(C)C)c(=O)[nH]c(=O)n2C)c1,85.9
Cc1cc(C#N)cc(C(=O)c2c(C(C)C)c(=O)[nH]c(=O)n2Cc2cc(F)nc(F)c2)c1,94.2
Cc1cc(C#N)cc(C(=O)c2c(C(C)C)c(=O)[nH]c(=O)n2Cc2cc(N)nc(F)c2)c1,93.6
Cc1cc(C#N)cc(C(=O)c2c(C(C)C)c(=O)[nH]c(=O)n2Cc2cc(N)nc(F)c2F)c1,93.3
Cc1cc(C#N)cc(C(=O)c2c(C(C)C)c(=O)[nH]c(=O)n2Cc2ccnc(F)c2)c1,87.7
Cc1cc(C#N)cc(C)c1Oc1nc(Nc2ccc(C#N)cc2)nc(N)c1Br,99.8
Cc1cc(CC(=O)O)n(C)c1C(=O)c1ccc(Cl)cc1,98.5
Cc1cc(CNC(=O)[C@@H]2C[C@@H](O)CN2C(=O)[C@@H](NC(=O)C2(C#N)CC2)C(C)(C)C)ccc1-c1scnc1C,89.0
Cc1cc(Cn2c(=O)c(C3=CS(=O)(=O)c4cc(NS(C)(=O)=O)ccc4N3)c(O)c3cc(F)ccc32)ccc1F,99.8
Cc1cc(N)ccc1C(=O)NC1CCC(=O)NC1=O,2.0
Cc1cc(NC(=O)C2=C(O)c3ccccc3S(=O)(=O)N2C)no1,88.85
Cc1cc(Nc2ccc(S(F)(F)(F)(F)F)cc2)n2nc(C(C)(F)F)nc2n1,90.25
Cc1cc2oc(=O)n(CCC(=O)O)c2cc1Cl.NC(CO)(CO)CO,95.0
Cc1ccc(-c2cc3nc[nH]c(=O)c3c(NC[C@H]3CCCNC3)n2)cc1,91.0
Cc1ccc(-c2cc3ncccc3c(NC[C@H]3CCCNC3)n2)cc1,95.0
Cc1ccc(-c2cc3nccnc3c(NC[C@H]3CCCNC3)n2)cc1,91.0
Cc1ccc(-c2cc3nccnc3c(NC[C@H]3CCCNC3)n2)s1,92.0
Cc1ccc(-c2cc3ncn(C)c(=O)c3c(NC[C@H]3CCCNC3)n2)cc1,90.0
Cc1ccc(-c2cc3ncncc3c(NC[C@H]3CCCNC3)n2)cc1,91.0
Cc1ccc(C(=O)N2CCN(C(=O)c3cc(Cc4n[nH]c(=O)c5ccccc45)ccc3F)CC2)cc1I,97.6
Cc1ccc(C(=O)c2ccc(CC(=O)O)n2C)cc1,99.6
Cc1ccc(N2C(=O)NC(C)(C)C2=O)cc1C(F)(F)F,64.8
Cc1ccc(S(=O)(=O)NC(=O)NN2CCCCCC2)cc1,97.0
Cc1ccc([C@@H](C)Oc2cc3onc(CCC(=O)O)c3cc2Cl)nc1.NC(CO)(CO)CO,98.4
Cc1ccc([C@@H](C)Oc2cc3onc(CCC(=O)O)c3cc2Cl)nn1,89.2
Cc1ccc([C@H](C(=O)N(C)C)N2C(=O)[C@@H](C3Cc4ccccc4C3)NC(=O)[C@H]2CC(C)C)cn1,83.0
Cc1ccc([C@H](C(=O)N2CCCC2)N2C(=O)[C@@H](C3Cc4ccccc4C3)NC(=O)[C@H]2CC(C)C)cn1,76.0
Cc1ccc([C@H](C(=O)N2CCOCC2)N2C(=O)[C@@H](C3Cc4ccccc4C3)NC(=O)[C@H]2CC(C)C)cn1,67.0
Cc1cccc(-c2cnc(N)c(C(=O)NC3CCCC3)n2)c1,97.7
Cc1cccc(C)c1NC(=O)C(C)N,25.4
Cc1cccc(C)c1NC(=O)C1CCN(Cc2ccccc2)C1,97.1
Cc1cccc(C)c1NC(=O)CC(C)NCc1cccc2ccccc12,96.7
Cc1cccc(C)c1NC(=O)CC(C)NCc1ccccc1,95.3
Cc1cccc([C@@H](C)Oc2cc3oc(=O)n(CCC(=O)O)c3cc2Cl)n1.NC(CO)(CO)CO,93.2
Cc1ccccc1Nc1c(N2CCN(C(=O)Nc3ccc(C(C)(C)C)cc3)CC2)c(=O)c1=O,98.0
Cc1ccnc([C@@H](C)Oc2cc3oc(=O)n(CCC(=O)O)c3cc2Cl)c1.NC(CO)(CO)CO,94.4
Cc1cnc(NC(=O)C2=C(O)c3ccccc3S(=O)(=O)N2C)s1,98.30000000000001
Cc1n[nH]c(C)c1CCCOc1cc(C(=O)O)ccc1F,13.05
Cc1nc(-c2ccc(F)cc2F)n(C)c1CC(=O)NCc1ccc(F)cc1Cl.Cl,91.0
Cc1nc(NC(=O)N2CCC[C@H]2C(N)=O)sc1-c1ccnc(C(C)(C)C(F)(F)F)c1,90.0
Cc1nc(NC(=O)N2CCC[C@H]2C(N)=O)sc1-c1csc(C(C)C)n1,84.4
Cc1nc(NC(=O)N2CCC[C@H]2C(N)=O)sc1-c1csc(C2(C)CC2)n1,92.2
Cc1nc(NC(=O)N2CCC[C@H]2C(N)=O)sc1-c1csc(C2CCC2)n1,90.8
Cc1nc(NC(=O)N2CC[C@@H](C)[C@H]2C(N)=O)sc1-c1csc(C2(C(F)(F)F)CC2)n1,93.9
Cc1nc(NC(=O)N2CC[C@@H]3C[C@@]32C(N)=O)sc1-c1csc(C(C)(C)C)n1,90.2
Cc1nc(NC(=O)N2C[C@H](F)C[C@H]2C(N)=O)sc1-c1csc(C(C)(C)C)n1,92.2
Cc1ncc([N+](=O)[O-])n1CCO,11.9
Cc1ncsc1-c1cc(Cl)c(CNC(=O)[C@@H]2C[C@@H](O)CN2C(=O)[C@@H](NC(=O)C2(C#N)CC2)C(C)(C)C)c(Cl)c1,91.0
Cc1ncsc1-c1cc(Cl)c(CNC(=O)[C@@H]2C[C@@H](O)CN2C(=O)[C@@H](NC(=O)C2(C#N)CC2)C(C)(C)C)cc1Cl,93.0
Cc1ncsc1-c1cc(F)c(CNC(=O)[C@@H]2C[C@@H](O)CN2C(=O)[C@@H](NC(=O)C2(C#N)CC2)C(C)(C)C)c(F)c1,86.0
Cc1ncsc1-c1cc(F)c(CNC(=O)[C@@H]2C[C@@H](O)CN2C(=O)[C@@H](NC(=O)C2(C#N)CC2)C(C)(C)C)cc1F,88.0
Cc1ncsc1-c1cc2c(cc1F)C(NC(=O)[C@@H]1C[C@@H](O)CN1C(=O)[C@@H](NC(=O)C1(C#N)CC1)C(C)(C)C)CC2,90.0
Cc1ncsc1-c1cc2c(cc1F)C(NC(=O)[C@@H]1C[C@@H](O)CN1C(=O)[C@@H](NC(=O)C1(F)CC1)C(C)(C)C)CC2,92.0
Cc1ncsc1-c1cc2c(cc1F)C(NC(=O)[C@@H]1C[C@@H](O)CN1C(=O)[C@@H](NC(=O)C1(F)CC1)C(C)(C)C)CCC2,92.0
Cc1ncsc1-c1ccc(CNC(=O)[C@@H]2C[C@@H](O)CN2C(=O)[C@@H](NC(=O)C2(C#N)CC2)C(C)(C)C)c(C)c1C,91.0
Cc1ncsc1-c1ccc(CNC(=O)[C@@H]2C[C@@H](O)CN2C(=O)[C@@H](NC(=O)C2(C#N)CC2)C(C)(C)C)c(Cl)c1,91.0
Cc1ncsc1-c1ccc(CNC(=O)[C@@H]2C[C@@H](O)CN2C(=O)[C@@H](NC(=O)C2(C#N)CC2)C(C)(C)C)c(F)c1,88.0
Cc1ncsc1-c1ccc(CNC(=O)[C@@H]2C[C@@H](O)CN2C(=O)[C@@H](NC(=O)C2(C#N)CC2)C(C)(C)C)c(F)c1F,89.0
Cc1ncsc1-c1ccc(CNC(=O)[C@@H]2C[C@@H](O)CN2C(=O)[C@@H](NC(=O)C2(C#N)CC2)C(C)(C)C)c(O)c1F,89.0
Cc1ncsc1-c1ccc(CNC(=O)[C@@H]2C[C@@H](O)CN2C(=O)[C@@H](NC(=O)C2(C#N)CC2)C(C)(C)C)c2ccccc12,93.0
Cc1ncsc1-c1ccc(CNC(=O)[C@@H]2C[C@@H](O)CN2C(=O)[C@@H](NC(=O)C2(C#N)CC2)C(C)(C)C)c2ncccc12,88.0
Cc1ncsc1-c1ccc(CNC(=O)[C@@H]2C[C@@H](O)CN2C(=O)[C@@H](NC(=O)C2(C#N)CC2)C(C)(C)C)cc1,88.0
Cc1ncsc1-c1ccc(CNC(=O)[C@@H]2C[C@@H](O)CN2C(=O)[C@@H](NC(=O)C2(C#N)CC2)C(C)(C)C)cc1Cl,91.0
Cc1ncsc1-c1ccc(CNC(=O)[C@@H]2C[C@@H](O)CN2C(=O)[C@@H](NC(=O)C2(C#N)CC2)C(C)(C)C)cc1F,88.0
Cc1ncsc1-c1ccc(CNC(=O)[C@@H]2C[C@@H](O)CN2C(=O)[C@@H](NC(=O)C2(F)CC2)C(C)(C)C)cc1,86.0
Cc1ncsc1-c1ccc(CNC(=O)[C@@H]2C[C@@H](O)CN2C(=O)[C@@H](NC(=O)C2(F)CC2)C(C)(C)C)cc1F,88.0
Cc1ncsc1-c1ccc(CNC(=O)[C@@H]2C[C@@H](O)CN2C(=O)[C@@H](NC(=O)COCCOCCOCCNC(=O)C[C@@H]2N=C(c3ccc(Cl)cc3)c3c(sc(C)c3C)-n3c(C)nnc32)C(C)(C)C)cc1,92.0
Cc1ncsc1-c1ccc([C@H](C)NC(=O)[C@@H]2C[C@@H](O)CN2C(=O)[C@@H](NC(=O)C2(C#N)CC2)C(C)(C)C)cc1F,88.0
Cc1ncsc1-c1ccc([C@H](C)NC(=O)[C@@H]2C[C@@H](O)CN2C(=O)[C@@H](NC(=O)C2(F)CC2)C(C)(C)C)cc1F,88.0
Cc1ncsc1-c1ccc2c(c1)CCC2NC(=O)[C@@H]1C[C@@H](O)CN1C(=O)[C@@H](NC(=O)C1(C#N)CC1)C(C)(C)C,90.0
Cc1nn(-c2ccc(CN)cc2)c(C)c1-c1ccc(F)cc1,93.0
Cc1nn(-c2ccc3c(c2)CNC3)c(C)c1-c1ccc(F)cc1,95.0
Cc1nn(-c2ncnc3c2CNC3)c(C)c1-c1ccc(F)cc1,94.0
Cc1nn(C2CC2)c(=O)c2nn(C)c(Cc3ccc(C(F)(F)F)c(C#N)c3)c12,48.6
Cc1sc2c(c1C)C(c1ccc(Cl)cc1)=N[C@@H](CC(=O)N1CCC3(CC1)CCN(c1ccc(C(=O)NC4CCC(=O)NC4=O)c(F)c1)CC3)c1nnc(C)n1-2,95.0
Cc1sc2c(c1C)C(c1ccc(Cl)cc1)=N[C@@H](CC(=O)NCC1CCN(c3ccc(C(=O)NC4CCC(=O)NC4=O)c(F)c3)CC1)c1nnc(C)n1-2,93.0
Cc1sc2c(c1C)C(c1ccc(Cl)cc1)=N[C@@H](CC(=O)NCC1CCN(c3ccc(C(=O)NC4CCC(=O)NC4=O)cc3)CC1)c1nnc(C)n1-2,91.0
Cc1sc2c(c1C)C(c1ccc(Cl)cc1)=N[C@@H](CC(=O)NCC1CCN(c3ccc(CNc4ccc(C(=O)NC5CCC(=O)NC5=O)c(F)c4)cc3)CC1)c1nnc(C)n1-2,95.0
Cc1sc2c(c1C)C(c1ccc(Cl)cc1)=N[C@@H](CC(=O)NCCCCCCCCCCNc1ccc(C(=O)NC3CCC(=O)NC3=O)c(F)c1)c1nnc(C)n1-2,96.0
Cc1sc2c(c1C)C(c1ccc(Cl)cc1)=N[C@@H](CC(=O)NCCCCCCCCNc1ccc(C(=O)NC3CCC(=O)NC3=O)c(F)c1)c1nnc(C)n1-2,95.0
Cc1sc2c(c1C)C(c1ccc(Cl)cc1)=N[C@@H](CC(=O)NCCCCCCNc1ccc(C(=O)NC3CCC(=O)NC3=O)c(F)c1)c1nnc(C)n1-2,94.0
Cc1sc2c(c1C)C(c1ccc(Cl)cc1)=N[C@@H](CC(=O)NCCCCNc1ccc(C(=O)NC3CCC(=O)NC3=O)c(F)c1)c1nnc(C)n1-2,92.0
Cc1sc2c(c1C)C(c1ccc(Cl)cc1)=N[C@@H](CC(=O)NCCNc1ccc(C(=O)NC3CCC(=O)NC3=O)c(F)c1)c1nnc(C)n1-2,91.0
Cc1sc2c(c1C)C(c1ccc(Cl)cc1)=N[C@@H](CC(=O)NCCNc1cccc3c1C(=O)N(C1CCC(=O)NC1=O)C3=O)c1nnc(C)n1-2,93.0
Cc1sc2c(c1C)C(c1ccc(Cl)cc1)=N[C@@H](CC(=O)NCCOCCNc1ccc(C(=O)NC3CCC(=O)NC3=O)c(F)c1)c1nnc(C)n1-2,90.0
Cc1sc2c(c1C)C(c1ccc(Cl)cc1)=N[C@@H](CC(=O)NCCOCCOCCNc1ccc(C(=O)NC3CCC(=O)NC3=O)c(F)c1)c1nnc(C)n1-2,90.0
Cn1c(=O)c2c(ncn2C)n(C)c1=O,37.65
Cn1cc(-c2cc3nccnc3c(NC[C@H]3CCCNC3)n2)cn1,75.0
Cn1cc(-c2cc3nccnc3c(OC[C@H]3CCCNC3)n2)cn1,78.0
Cn1cncc1C1=CN(c2ncnc3[nH]cnc23)CCS1,98.0
Cn1nc2c(=O)n(C3CC3)ccc2c1[C@](O)(c1cnc(C(F)(F)F)c(Cl)c1)C(F)(F)F,29.7
Cn1nc2c(=O)n(C3CC3)ccc2c1[C@](O)(c1cnc(C(F)(F)F)c(Cl)c1)C1CC1,48.9
Cn1nc2c(=O)n(C3CC3)cnc2c1[C@](O)(c1cnc(C(F)(F)F)c(Cl)c1)C(F)(F)F,68.1
Cn1nc2c(=O)n(C3CC3)ncc2c1[C@](N)(c1ccc(C(F)(F)F)c(Cl)c1)C1CC1,29.1
Cn1nc2c(=O)n(C3CC3)ncc2c1[C@](O)(c1cnc(C(F)(F)F)c(Cl)c1)C(F)(F)F,66.2
N#Cc1ccccc1-c1cnc(N)c(C(=O)NC2CCCC2)n1,96.2
NC(=O)[C@@H]1CCCN1C(=O)Nc1nc2c(s1)-c1nc(CC3CC3)sc1CC2,95.3
NC(=O)c1c(-c2ccccc2)[nH]c(-c2ccnc(N)n2)c1I,68.0
NC(=O)c1cc(-c2ccccc2)cc2c(C3CCCNC3)c[nH]c12,91.0
NC(=O)c1cc(-c2ccnc(N)n2)[nH]c1-c1ccc2sccc2c1,77.0
NC(=O)c1cc(-c2ccnc(N)n2)[nH]c1-c1ccccc1,64.0
NC(=O)c1cc(-c2ccnc(N)n2)[nH]c1-c1cccs1,68.0
NC(=O)c1cc(-c2ccnc(N)n2)[nH]c1-c1ccsc1,78.0
NC(=O)c1cc(-c2nc(N)ncc2F)[nH]c1-c1ccccc1,68.0
NC(CO)(CO)CO.O=C(O)CCn1c(=O)oc2cc(OC3CC3)c(Cl)cc21,94.3
NC(CO)(CO)CO.O=C(O)CCn1c(=O)oc2cc(OCC3CC3)c(Cl)cc21,96.2
NC(CO)(CO)CO.O=C(O)CCn1c(=O)oc2cc(OCC3CCC3)c(Cl)cc21,98.1
NC(CO)(CO)CO.O=C(O)CCn1c(=O)oc2cc(OCCN3CCCC3)c(Cl)cc21,15.1
NC(CO)(CO)CO.O=C(O)CCn1c(=O)oc2cc(OCc3ccccc3)c(Cl)cc21,98.3
NC(CO)(CO)CO.O=C(O)CCn1c(=O)oc2cc(OCc3ccccn3)c(Cl)cc21,87.4
NC(N)=Nc1nc(CSCC/C(N)=N/S(N)(=O)=O)cs1,14.75
NNC(=O)c1ccncc1,8.85
NS(=O)(=O)c1cc(C(=O)O)c(NCc2ccco2)cc1Cl,99.1
NS(=O)(=O)c1cc2c(cc1Cl)NCNS2(=O)=O,58.0
N[C@@H](Cc1ccccc1)C(=O)N1CCN(c2nc(N3CCOCC3)nc(-n3c(C(F)F)nc4ccccc43)n2)CC1,97.0
Nc1c(-c2ccccc2)nn(-c2nc(C(=O)O)cs2)c1-c1ccccc1,99.0
Nc1ccc(C(=O)NC2CCC(=O)NC2=O)c(C(F)(F)F)c1,6.0
Nc1ccc(C(=O)NC2CCC(=O)NC2=O)c(Cl)c1,10.0
Nc1ccc(C(=O)NC2CCC(=O)NC2=O)c(F)c1,5.0
Nc1ccc(C(=O)NC2CCC(=O)NC2=O)c(O)c1,18.0
Nc1ccc(C(=O)NC2CCC(=O)NC2=O)cc1,3.0
Nc1cccc(C(=O)NC2CCC(=O)NC2=O)c1,4.0
Nc1cccc(C(=O)NC2CCC(=O)NC2=O)c1F,4.0
Nc1cccc(F)c1C(=O)NC1CCC(=O)NC1=O,12.0
Nc1cccc2c1C(=O)N(C1CCC(=O)NC1=O)C2=O,51.0
Nc1cccc2c1CN(C1CCC(=O)NC1=O)C2=O,12.0
Nc1ccccc1C(=O)NC1CCC(=O)NC1=O,9.0
Nc1ccccc1NC(=O)c1ccc(CNC2=NC(c3ccc(C(F)(F)F)cc3)CO2)cc1,94.3
Nc1ccccc1NC(=O)c1ccc(CNC2=NC(c3ccc(F)cc3)CO2)cc1,88.1
Nc1ccccc1NC(=O)c1ccc(CNC2=NC(c3cccc(F)c3)CO2)cc1,88.5
Nc1ccccc1NC(=O)c1ccc(CNC2=NC(c3ccccc3)(c3ccccc3)CO2)cc1,96.6
Nc1ccccc1NC(=O)c1ccc(CNC2=NC[C@@H](c3ccccc3)O2)cc1,84.9
Nc1ccccc1NC(=O)c1ccc(CNC2=NC[C@H](c3ccccc3)O2)cc1,89.9
Nc1ccccc1NC(=O)c1ccc(CNC2=N[C@@H](Cc3c[nH]cn3)CO2)cc1,46.8
Nc1ccccc1NC(=O)c1ccc(CNC2=N[C@@H](Cc3ccccc3)CO2)cc1,85.9
Nc1ccccc1NC(=O)c1ccc(CNC2=N[C@@H](c3ccc(O)cc3)CO2)cc1,74.4
Nc1ccccc1NC(=O)c1ccc(CNC2=N[C@@H](c3ccccc3)CN2)cc1,72.2
Nc1ccccc1NC(=O)c1ccc(CNC2=N[C@@H](c3ccccc3)CO2)cc1,85.3
Nc1ccccc1NC(=O)c1ccc(CNC2=N[C@@H](c3ccccc3)[C@H](c3ccccc3)O2)cc1,96.9
Nc1ccccc1NC(=O)c1ccc(CNC2=N[C@@H](c3cccnc3)CO2)cc1,68.7
Nc1ccccc1NC(=O)c1ccc(CNC2=N[C@H](Cc3c[nH]cn3)CO2)cc1,46.5
Nc1ccccc1NC(=O)c1ccc(CNC2=N[C@H](c3ccccc3)CO2)cc1,84.7
Nc1ccccc1NC(=O)c1ccc(CNC2=N[C@H](c3ccccc3)[C@H](c3ccccc3)O2)cc1,94.9
Nc1ccccc1NC(=O)c1ccc(CNc2nccc(-c3cccnc3)n2)cc1,92.5
Nc1ccccc1NC(=O)c1ccc(CSC2=N[C@@H](Cc3ccccc3)CO2)cc1,96.5
Nc1ccccc1NC(=O)c1ccc(CSC2=N[C@@H](c3ccccc3)CN2)cc1,91.0
Nc1ccccc1NC(=O)c1ccc(CSC2=N[C@@H](c3cccnc3)CO2)cc1,87.5
Nc1ncc(-c2ccccc2)nc1C(=O)NC1CCCC1,95.8
O=C(C1CCCCC1)N1CC(=O)N2CCc3ccccc3C2C1,78.0
O=C(CCCCCCNC(=O)c1ccc(NC(=O)CCCCCCCNC(=O)CNc2ccc(C(=O)NC3CCC(=O)NC3=O)c(F)c2)cc1)NO,90.0
O=C(CCCCCCNC(=O)c1ccc(NC(=O)CCCCCCCNC(=O)COc2cccc3c2C(=O)N(C2CCC(=O)NC2=O)C3=O)cc1)NO,91.0
O=C(CCCN1CCC(O)(c2ccc(Cl)cc2)CC1)c1ccc([19F])cc1,0.89
O=C(COc1ccc(I)cc1)N1CCN(C(=O)c2cc(Cc3n[nH]c(=O)c4ccccc34)ccc2F)CC1,98.1
O=C(Cc1cccc(I)c1)N1CCN(C(=O)c2cc(Cc3n[nH]c(=O)c4ccccc34)ccc2F)CC1,97.5
O=C(NC1CC1)c1cc(Cc2ccc(C(F)(F)F)nc2)c[nH]1,66.7
O=C(N[C@@H](c1ccccc1)[C@H]1CCCN1)C1=CN(c2ncnc3[nH]ccc23)CCS1,84.0
O=C(N[C@H]1CCNC1=O)c1cnc2cc(C3CC3)ncc2c1,43.0
O=C(N[C@H]1CCNC1=O)c1cnc2cc(N3CCC3)ncc2c1,59.0
O=C(N[C@H]1CCNC1=O)c1cnc2nc(C3CC3)c(Cl)cc2c1,81.0
O=C(Nc1c(Cl)cncc1Cl)c1ccc(OC(F)F)c(OCC2CC2)c1,97.0
O=C(O)CCCCC(=O)OC[C@H]1CC[C@@H](n2cnc3c(=O)[nH]cnc32)O1,8.0
O=C(O)CCCCCCCC(=O)OC[C@H]1CC[C@@H](n2cnc3c(=O)[nH]cnc32)O1,53.0
O=C(O)CCCCCCCCCCC(=O)OC[C@H]1CC[C@@H](n2cnc3c(=O)[nH]cnc32)O1,76.0
O=C(O)CCCCOc1ccc([C@H]2CC[C@]3(CC2)OOC2(O3)C3CC4CC(C3)CC2C4)cc1,99.5
O=C(O)CCCOc1ccc([C@H]2CC[C@]3(CC2)OOC2(O3)C3CC4CC(C3)CC2C4)cc1,99.5
O=C(O)CCn1c(=O)oc2cc(Cl)c(Cl)cc21,96.3
O=C(O)CNC(=O)COc1ccc([C@H]2CC[C@]3(CC2)OOC2(O3)C3CC4CC(C3)CC2C4)cc1,98.5
O=C(O)COc1ccc([C@H]2CC[C@]3(CC2)OOC2(O3)C3CC4CC(C3)CC2C4)cc1C(=O)O,99.1
O=C(O)COc1ccc([C@H]2CC[C@]3(CC2)OOC2(O3)C3CC4CC(C3)CC2C4)cc1Cl,99.5
O=C(O)COc1ccc([C@H]2CC[C@]3(CC2)OOC2(O3)C3CC4CC2CC(C3)C4(F)F)cc1,99.4
O=C(O)COc1ccc([C@H]2CC[C@]3(CC2)OOC2(O3)C3CC4CC2CC(C3)C4=O)cc1,97.8
O=C(O)COc1ccc([C@H]2CC[C@]3(CC2)OOC2(O3)C3CC4CC2CC(C3)C4O)cc1,98.5
O=C(O)Cc1ccccc1Nc1c(Cl)cccc1Cl,99.76
O=C(O)c1cc(-c2ccc(F)cc2F)ccc1O,100.0
O=C(O)c1cc([C@H]2CC[C@]3(CC2)OOC2(O3)C3CC4CC(C3)CC2C4)ccc1O,99.0
O=C(O)c1ccc([C@H]2CC[C@]3(CC2)OOC2(O3)C3CC4CC(C3)CC2C4)cc1,98.8
O=C(O)c1ccc2nc(-c3cc(Cl)cc(Cl)c3)oc2c1,21.450000000000003
O=C(O)c1cccc([C@H]2CC[C@]3(CC2)OOC2(O3)C3CC4CC(C3)CC2C4)c1,98.9
O=C(O)c1csc(-n2nc(-c3ccccc3)c3c2-c2ccccc2C3)n1,99.68
O=C(O)c1csc(-n2nc3c(c2-c2ccccc2)CCc2ccccc2-3)n1,99.88
O=C([O-])C1CCN(CCOc2ccc([C@H]3CC[C@]4(CC3)OOC3(O4)C4CC5CC(C4)CC3C5)cc2)CC1.[Na+],98.0
O=C(c1cc(-c2ccccc2)c2cc(F)ccc2n1)N1CCOCC1,87.75
O=C(c1cc(-c2ccccc2)c2cc(I)ccc2n1)N1CCOCC1,95.38
O=C(c1cc(-c2ccccc2)c2cccc(I)c2n1)N1CCOCC1,98.19
O=C(c1cc(-c2ccccc2I)c2ccccc2n1)N1CCOCC1,91.24
O=C(c1cc(Cc2n[nH]c(=O)c3ccccc23)ccc1F)N1CCN(C(=O)C2CC2)CC1,75.9
O=C(c1cc(Cc2n[nH]c(=O)c3ccccc23)ccc1F)N1CCN(S(=O)(=O)c2ccc(I)cc2)CC1,98.4
O=C(c1ccc(I)cc1)N1CCN(C(=O)c2cc(Cc3n[nH]c(=O)c4ccccc34)ccc2F)CC1,96.2
O=C(c1ccc([123I])cc1)N1CCN(C(=O)c2cc(Cc3n[nH]c(=O)c4ccccc34)ccc2F)CC1,95.0
O=C(c1cccc(I)c1)N1CCN(C(=O)c2cc(Cc3n[nH]c(=O)c4ccccc34)ccc2F)CC1,96.1
O=C(c1ccccc1)c1ccc2n1CCC2C(=O)O,99.2
O=C(c1nc2ccccc2c(-c2ccccc2)c1CI)N1CCOCC1,95.3
O=C1C2CCCN2C(=O)N1c1ccc(F)c(C(F)(F)F)c1,46.0
O=C1CC(c2cccc(-n3ccnc3)c2)=Nc2cc(OCCCF)c(C(F)(F)F)cc2N1,95.12
O=C1CC(c2cccc(-n3ccnc3)c2)=Nc2ccc(-c3ccc(I)cc3)cc2N1,98.67
O=C1CC(c2cccc(-n3ccnc3)c2)=Nc2ccc(-c3cccc(I)c3)cc2N1,98.46
O=C1CC(c2cccc(-n3ccnc3)c2)=Nc2ccc(I)cc2N1,94.92
O=C1CCC(NC(=O)c2cc(F)c(F)c(F)c2F)C(=O)N1,17.0
O=C1CCC(NC(=O)c2ccccc2)C(=O)N1,10.0
O=C1CN(c2cc3nccnc3c(NC[C@H]3CCCNC3)n2)CCN1,59.0
O=C1CN=C(c2ccccc2)c2cc([N+](=O)[O-])ccc2N1,76.7
O=C1CN=C(c2ccccc2Cl)c2cc([N+](=O)[O-])ccc2N1,85.85
O=C1CN=C(c2ccccn2)c2cc(Br)ccc2N1,60.0
O=C1CNC(=O)N1c1ccc(F)c(C(F)(F)F)c1,43.6
O=C1NC2(CCCC2)C(=O)N1c1ccc(F)c(C(F)(F)F)c1,70.4
O=C1NC2(CCCCC2)C(=O)N1c1ccc(F)c(C(F)(F)F)c1,74.9
O=C1N[C@H](c2ccccc2)C(=O)N1c1ccc(F)c(C(F)F)c1,90.0
O=C1Nc2ccc(Cl)cc2C(c2ccccc2)=NC1O,87.0
O=C1Nc2ccc(Cl)cc2[C@@](C#CC2CC2)(C(F)(F)F)O1,99.9
O=[N+]([O-])c1c(CS(=O)(=O)c2ccccc2)nc2c(Br)cc(Cl)cn12,96.5
O=[N+]([O-])c1c(CS(=O)(=O)c2ccccc2)nc2c(C#CCCO)cc(Cl)cn12,98.5
O=[N+]([O-])c1c(CS(=O)(=O)c2ccccc2)nc2c(Sc3ccc(Cl)cc3)cc(Cl)cn12,99.95
O=[N+]([O-])c1c(CS(=O)(=O)c2cccnc2)nc2c(Br)cc(Cl)cn12,87.0
O=c1[nH]c2c([N+](=O)[O-])cccc2cc1Br,92.2
O=c1[nH]cnc2c1ncn2[C@H]1CC[C@@H](CO)O1,5.0
O[C@@H](CN1[C@@H]2CC[C@H]1C/C(=C\c1ccc(F)cc1)C2)c1ccccc1,95.0
O[C@H]1CNCCC[C@@H]1n1c2ccc(C(F)(F)F)cc2c2cc(C(F)(F)F)ccc21,92.9
c1cnc2c(NC[C@H]3CCCNC3)nc(-c3cc[nH]n3)cc2n1,79.0
c1cnc2c(NC[C@H]3CCCNC3)nc(-c3cn[nH]c3)cc2n1,76.0
c1cnc2c(NC[C@H]3CCCNC3)nc(N3CCNCC3)cc2n1,70.0
